-- create database Clothes;
USE clothes;

CREATE TABLE Account (
    username VARCHAR(200) PRIMARY KEY,
    password VARCHAR(200),
    hoatDong VARCHAR(200),
    chucvu VARCHAR(200)
);
INSERT INTO Account (username, password, hoatDong, chucvu) VALUES
('0123456789', '123456', 1, 'Khách hàng'),
('0987654321', 'abcdef', 1, 'Khách hàng'),
('0932123456', 'ghijkl', 0, 'Nhân viên'),
('0911122334', 'mnopqr', 1, 'Nhân viên'),
('0977245698', 'stuvwx', 1, 'Nhân viên'),
('0988112233', 'yzabcd', 0, 'Nhân viên'),
('0969357021', 'efghij', 1, 'Khách hàng'),
('0945678901', 'klmnop', 1, 'Khách hàng'),
('0978112233', 'qrstuv', 0, 'Khách hàng'),
('0932123455', 'wxyzab', 1, 'Khách hàng');

CREATE TABLE KhachHang (
    sdt VARCHAR(200) PRIMARY KEY REFERENCES Account(username),
    tenKhachHang VARCHAR(200),
    diaChi VARCHAR(200),
    email VARCHAR(200),
    gioiTinh VARCHAR(200),
    CONSTRAINT FK_KhachHang_Account FOREIGN KEY (sdt) REFERENCES Account(username)
);

INSERT INTO KhachHang (sdt, tenKhachHang, diaChi, email, gioiTinh) VALUES
('0123456789', 'Nguyễn Thị Lan', '123 Đường 1, Quận 2, TP. HCM', 'lannguyen@example.com', 'Nữ'),
('0987654321', 'Trần Văn An', '456 Đường 2, Quận 1, TP. HCM', 'antran@example.com', 'Nam'),
('0969357021', 'Lê Thị Minh', '789 Đường 3, Quận 3, TP. HCM', 'minhle@example.com', 'Nữ'),
('0945678901', 'Phạm Văn Thắng', '246 Đường 4, Quận 4, TP. HCM', 'thangpham@example.com', 'Nam'),
('0978112233', 'Vũ Thị Huệ', '579 Đường 5, Quận 5, TP. HCM', 'huevu@example.com', 'Nữ'),
('0932123455', 'Nguyễn Văn Đạt', '246 Đường 6, Quận 6, TP. HCM', 'datnguyen@example.com', 'Nam');

CREATE TABLE NhanVien (
    idNhanVien INT UNSIGNED AUTO_INCREMENT PRIMARY KEY,
    username VARCHAR(200),
    tenNhanVien VARCHAR(200),
    soDienThoai VARCHAR(200),
    diaChi VARCHAR(200),
    email VARCHAR(200),
    CONSTRAINT FK_NhanVien_Account FOREIGN KEY (username) REFERENCES Account(username)
);

INSERT INTO NhanVien (username, tenNhanVien, soDienThoai, diaChi, email) VALUES
('0911122334', 'Nguyễn Văn Anh', '0911122334', 'Hà Nội', 'nguyenvana@gmail.com'),
('0932123456', 'Trần Thị Bình', '0932123456', 'Hồ Chí Minh', 'tranthib@gmail.com'),
('0977245698', 'Lê Văn Kiên', '0977245698', 'Đà Nẵng', 'levanc@gmail.com'),
('0988112233', 'Phạm Thị Lý', '0988112233', 'Hải Phòng', 'phamthid@gmail.com');

CREATE TABLE ChucVu (
    idNhanVien INT UNSIGNED,
    tenChucVu VARCHAR(200),
    moTa VARCHAR(2000),
    PRIMARY KEY (idNhanVien, tenChucVu),
    CONSTRAINT FK_ChucVu_NhanVien FOREIGN KEY (idNhanVien) REFERENCES NhanVien(idNhanVien)
);

INSERT INTO ChucVu (idNhanVien, tenChucVu, moTa) VALUES
(1,'Nhân viên bán hàng', ''),
(2, 'Nhân viên bán hàng', ''),
(3, 'Nhân vien bán hàng', ''),
(4, 'Nhân viên kho hàng', '');

CREATE TABLE DanhMucSanPham (
    idDanhMucSanPham INT PRIMARY KEY,
    theloai Nvarchar(200),
    tenLoaiSanPham NVARCHAR(200)
);

INSERT INTO DanhMucSanPham(idDanhMucSanPham, theloai, tenLoaiSanPham) VALUES
(1, 'nu_ao', 'Áo sơ mi'),
(2, 'nu_ao', 'Áo thun'),
(3, 'nu_ao', 'Áo kiểu'),
(4, 'nu_ao', 'Áo thun dài tay'),
(5, 'nu_ao', 'Áo peplum'),
(6, 'nu_ao', 'Áo len'),
(7, 'nu_aoKhoac', 'Áo khoác'),
(8, 'nu_aoKhoac', 'Áo dạ'),
(9, 'nu_aoKhoac', 'Áo măng tô'),
(10, 'nu_quan', 'Quần dài'),
(11, 'nu_quan', 'Quần lửng'),
(12, 'nu_quan', 'Quần baggy'),
(13, 'nu_chanVay', 'Chân váy'),
(14, 'nu_chanVay', 'Quần váy xếp ly'),
(15, 'nu_dam', 'Đầm'),
(16, 'nu_dam', 'Đầm thun'),
(17, 'nu_dam', 'Đầm dạ hội'),
(18, 'nu_doLot', 'Áo bra'),
(19, 'nu_doLot', 'Quần lót'),
(20, 'nam_ao', 'Áo thun'),
(21, 'nam_ao', 'Áo khoác'),
(22, 'nam_ao', 'Áo polo'),
(23, 'nam_ao', 'Áo len'),
(24, 'nam_quan', 'Quần jeans'),
(25, 'nam_quan', 'Quần lửng/short'),
(26, 'nam_giayDep', 'Giày/Dép'),
(27, 'nam_phuKien', 'Phụ Kiện'),
(28, 'treEm_beGai', 'Áo bé gái'),
(29, 'treEm_beGai', 'Quần bé gái'),
(30, 'treEm_beGai', 'Váy bé gái'),
(31, 'treEm_beGai', 'Phụ kiện bé gái'),
(32, 'treEm_beGai', 'Áo bé trai'),
(33, 'treEm_beGai', 'Quần bé trai'),
(34, 'treEm_beGai', 'Phụ kiện bé trai');

CREATE TABLE Mau (
    idMau INT PRIMARY KEY,
    mau NVARCHAR(200)
);
INSERT INTO Mau(idMau, mau) VALUES
(1, 'red'),
(2, 'yellow'),
(3, 'green'),
(4, 'white'),
(5, 'brown'),
(6, 'pink'),
(7, 'blue'),
(8, 'orange'),
(9, 'black'),
(10, 'violet'),
(11, 'silver');

CREATE TABLE SanPham (
    idSanPham INT PRIMARY KEY,
    idDanhMucSanPham INT,
    idMau INT,
    img VARCHAR(2000),
    title VARCHAR(200),
    giaBan FLOAT,
    giamGia FLOAT,
    moTa VARCHAR(2000),
    ngayNhap VARCHAR(200),
	CONSTRAINT FK_SanPham_DanhMuc FOREIGN KEY (idDanhMucSanPham) REFERENCES DanhMucSanPham(idDanhMucSanPham),
	CONSTRAINT FK_SanPham_Mau FOREIGN KEY (idMau) REFERENCES Mau(idMau)
);
INSERT INTO SanPham(idSanPham, idDanhMucSanPham, idMau, img, title, giaBan, giamGia, moTa, ngayNhap) VALUES
(1, 1, 8, 'https://pubcdn.ivymoda.com/files/product/thumab/400/2022/08/01/52afea65c30d77c662352ddfa23f874e.jpg', 'ÁO SƠ MI TENCEL DÂY RÚT EO', 990000, 190000, 'Áo sơ mi tay ngắn. Eo chiết dáng peplum có dây kéo rút dễ dàng điều chỉnh.', '2021-08-12'),
(2, 1, 2, 'https://pubcdn.ivymoda.com/files/product/thumab/400/2022/08/01/69ddae4163640f7806dc298bf56f4a8b.jpg', 'ÁO SƠ MI TENCEL DÂY RÚT EO', 990000, 190000, 'Áo sơ mi tay ngắn. Eo chiết dáng peplum có dây kéo rút dễ dàng điều chỉnh.', '2021-08-12'),
(3, 1, 4, 'https://pubcdn.ivymoda.com/files/product/thumab/400/2023/04/03/750a902c84b59150ad5731690046588d.jpg', 'ÁO SƠ MI PHỐI DÂY RÚT EO', 1190000, 190000, 'ÁO SƠ MI PHỐI DÂY RÚT EO. Eo chiết dáng peplum có dây kéo rút dễ dàng điều chỉnh.', '2021-08-12'),
(4, 1, 7, 'https://pubcdn.ivymoda.com/files/product/thumab/400/2023/04/03/cde1337ee7bfb524f4d50e36f29b9432.jpg', 'ÁO SƠ MI PHỐI DÂY RÚT EO', 1190000, 190000, 'ÁO SƠ MI PHỐI DÂY RÚT EO. Eo chiết dáng peplum có dây kéo rút dễ dàng điều chỉnh.', '2021-08-12'),
(5, 1, 3, 'https://pubcdn.ivymoda.com/files/product/thumab/400/2023/04/03/09c34ccc8754f937233800f2d143a5aa.jpg', 'SƠ MI HỌA TIẾT REN', 1090000, 290000, 'SƠ MI HỌA TIẾT REN chất liệu cao cấp, kiểu dáng thoải mái', '2021-08-12'),
(6, 1, 5, 'https://pubcdn.ivymoda.com/files/product/thumab/400/2023/04/03/09c34ccc8754f937233800f2d143a5aa.jpg', 'SƠ MI HỌA TIẾT REN', 1090000, 290000, 'SƠ MI HỌA TIẾT REN chất liệu cao cấp, kiểu dáng thoải mái', '2021-08-12'),
(7, 1, 6, 'https://pubcdn.ivymoda.com/files/product/thumab/400/2023/03/20/e6268445500f82b2f1bfe1b9679e62cd.jpg', 'ÁO SƠ MI TENCEL DÁNG OVERSIZE', 1590000, 390000, 'ÁO SƠ MI TENCEL DÁNG OVERSIZEE', '2021-08-12'),
(8, 1, 10, 'https://pubcdn.ivymoda.com/files/product/thumab/400/2023/03/20/371e882f5333de4765b96874020047de.jpg', 'ÁO SƠ MI TENCEL DÁNG OVERSIZE', 1590000, 390000, 'ÁO SƠ MI TENCEL DÁNG OVERSIZEE', '2021-08-12'),
(9, 1, 6, 'https://pubcdn.ivymoda.com/files/product/thumab/1366/2023/03/20/0908b78976ae8f6f842f3067b6b22e67.jpg', 'ÁO SƠ MI TAY LỬNG THẮT NƠ', 950000, 150000, 'Áo kiểu dáng suông, tay lỡ, cổ đức cài khuy.', '2021-08-12'),
(10, 1, 9, 'https://pubcdn.ivymoda.com/files/product/thumab/1366/2023/03/24/98cc6e6c2c88f5e43760103411050089.jpg', 'ÁO SƠ MI TAY LỬNG THẮT NƠ', 950000, 150000, 'Áo kiểu dáng suông, tay lỡ, cổ đức cài khuy.', '2021-08-12'),
(11, 2, 4, 'https://pubcdn.ivymoda.com/files/product/thumab/400/2022/08/01/061a126a9744b7c0cdd0b8db81f2d83e.jpg', 'ÁO THUN HỌA TIẾT NỔI', 650000, 50000, 'Áo thun cổ tròn, tay ngắn. Dáng áo suông.', '2021-08-12'),
(12, 2, 8, 'https://pubcdn.ivymoda.com/files/product/thumab/1366/2022/08/01/fdf7cba059f758a2c76292d206fa3999.jpg', 'ÁO THUN HỌA TIẾT NỔI', 650000, 50000, 'Áo thun cổ tròn, tay ngắn. Dáng áo suông.', '2021-08-12'),
(13, 2, 9, 'https://pubcdn.ivymoda.com/files/product/thumab/400/2022/07/22/0685199ea947a349b9310bf6bbd30a29.JPG', 'ÁO THUN DÂY RÚT 2 BÊN EO', 590000, 90000, 'Áo thun dây rút 2 bên eo cách điệu. Tay cánh dơi. Dáng áo ngắn, suông. ', '2021-08-12'),
(14, 2, 2, 'https://pubcdn.ivymoda.com/files/product/thumab/1366/2022/07/14/19ec266ec2513c1e538e0fd4454b9991.jpg', 'ÁO THUN DÂY RÚT 2 BÊN EO', 590000, 90000, 'Áo thun dây rút 2 bên eo cách điệu. Tay cánh dơi. Dáng áo ngắn, suông. ', '2021-08-12'),
(15, 2, 2, 'https://pubcdn.ivymoda.com/files/product/thumab/400/2022/07/14/9b5c3e906fc3d824af0d2db965826d94.jpg', 'ÁO THUN BE COOL', 590000, 90000, 'Áo thun in chữ "Be Cool" đơn giản phù hợp với các cô nàng sành điệu', '2021-08-12'),
(16, 2, 1, 'https://pubcdn.ivymoda.com/files/product/thumab/1366/2022/07/14/0ccb187d1548d8cd0756065234f4d6a0.jpg','ÁO THUN BE COOL', 590000, 90000, 'Áo thun in chữ "Be Cool" đơn giản phù hợp với các cô nàng sành điệu', '2021-08-12'),
(17, 2, 2, 'https://pubcdn.ivymoda.com/files/product/thumab/1366/2022/07/08/c68bbd1bdf12fbcae4c2871913e3b23a.JPG', 'ÁO THUN', 590000, 190000, 'Áo thun cơ bản với nền trơn và chữ dập nổi ở giữa. Áo ngắn tay, cổ tròn, dáng suông.', '2021-08-12'),
(18, 2, 9, 'https://pubcdn.ivymoda.com/files/product/thumab/1366/2022/07/08/ca0c82c3de7bd3bd971c7983b24815a6.JPG', 'ÁO THUN', 590000, 190000, 'Áo thun cơ bản với nền trơn và chữ dập nổi ở giữa. Áo ngắn tay, cổ tròn, dáng suông.', '2021-08-12'),
(19, 3, 6, 'https://pubcdn.ivymoda.com/files/product/thumab/400/2023/03/21/5043eaa9fe72c0e732135839b0b2ad25.jpg', 'CLOUDY SET', 1949000, 149000, 'Thiết kế áo croptop cổ tròn xếp ly, tay bo phồng. Phần eo may chun bản to co giãn, kết hợp cùng chi tiết cut-out độc đáo, trẻ trung. Áo mặc cùng chân váy xếp ly xòe, eo cao tôn dáng.', '2021-08-12'),
(20, 3, 4, 'https://pubcdn.ivymoda.com/files/product/thumab/1366/2023/03/20/b660194de87532c8e7f9756b2fdb5b68.jpg', 'CLOUDY SET', 1949000, 149000, 'Thiết kế áo croptop cổ tròn xếp ly, tay bo phồng. Phần eo may chun bản to co giãn, kết hợp cùng chi tiết cut-out độc đáo, trẻ trung. Áo mặc cùng chân váy xếp ly xòe, eo cao tôn dáng.', '2021-08-12'),
(21, 3, 4, 'https://pubcdn.ivymoda.com/files/product/thumab/1366/2022/11/29/841b715617ed915e8da9f06a4cf07ad1.jpg', 'ÁO TENCEL PHỐI VIỀN BÈO', 839000, 390000, 'Áo kiểu dáng suông, cổ tròn, tay lửng, độ dài ngang hông. Điểm nhấn là chi tiết viền tay phối bèo nữ tính.', '2021-08-12'),
(22, 3, 3, 'https://pubcdn.ivymoda.com/files/product/thumab/1366/2022/11/29/20c020a0c645ee69946fa3eb1135269f.jpg', 'ÁO TENCEL PHỐI VIỀN BÈO', 839000, 390000, 'Áo kiểu dáng suông, cổ tròn, tay lửng, độ dài ngang hông. Điểm nhấn là chi tiết viền tay phối bèo nữ tính.', '2021-08-12'),
(23, 3, 2, 'https://pubcdn.ivymoda.com/files/product/thumab/1366/2022/08/01/d825cab89dae2a88dc8b681e4b3b5ec2.jpg', 'ÁO SƠ MI TENCEL DÂY RÚT EO', 990000, 190000, 'Áo sơ mi tay ngắn. Eo chiết dáng peplum có dây kéo rút dễ dàng điều chỉnh. ', '2021-08-12'),
(24, 3, 8, 'https://pubcdn.ivymoda.com/files/product/thumab/1366/2022/08/01/163199bc2732f7b5e08229eb1367336a.jpg', 'ÁO SƠ MI TENCEL DÂY RÚT EO', 990000, 190000, 'Áo sơ mi tay ngắn. Eo chiết dáng peplum có dây kéo rút dễ dàng điều chỉnh. ', '2021-08-12'),
(25, 4, 9, 'https://pubcdn.ivymoda.com/files/product/thumab/1366/2021/11/30/32e50d1e018dcd9de3e5b2db31cdb601.JPG', 'ÁO THUN DÀI TAY SHINE', 396000, 6000, 'Áo thun cổ tròn, tay dài. Bo gấu ở cổ và tay áo. In hình và chữ bắt sáng mặt trước. Chất thun có độ dày vừa phải, mềm mịn thoải mái cho làn da.', '2021-08-12'),
(26, 4, 6, 'https://pubcdn.ivymoda.com/files/product/thumab/1366/2021/11/30/251b4d3725648bca449f7e509d6a6e6d.JPG', 'ÁO THUN DÀI TAY SHINE', 396000, 6000, 'Áo thun cổ tròn, tay dài. Bo gấu ở cổ và tay áo. In hình và chữ bắt sáng mặt trước. Chất thun có độ dày vừa phải, mềm mịn thoải mái cho làn da.', '2021-08-12'),
(27, 4, 4, 'https://pubcdn.ivymoda.com/files/product/thumab/1366/2021/11/12/e2d755e7c787a937509595a494733234.JPG', 'ÁO THUN SWEATER MISS AMBITION', 390000, 90000, 'Áo thun cổ tròn, tay dài. Bo gấu ở cổ và tay áo. In hình và chữ khác màu mặt trước áo.', '2021-08-12'),
(28, 4, 9, 'https://pubcdn.ivymoda.com/files/product/thumab/1366/2021/11/30/ae790a217de78c4423b7211e63df6fd5.JPG', 'ÁO THUN SWEATER MISS AMBITION', 390000, 90000, 'Áo thun cổ tròn, tay dài. Bo gấu ở cổ và tay áo. In hình và chữ khác màu mặt trước áo.', '2021-08-12'),
(29, 4, 6, 'https://pubcdn.ivymoda.com/files/product/thumab/1366/2023/01/11/78b2da0cf82b418e7aa1a5fe19aefd9f.jpg', 'ÁO THUN BO GẤU THÊU HỌA TIẾT', 356000, 16000, 'Thiết kế áo cổ tròn, dáng ngắn bo gấu trẻ trung, phom áo oversize thoải mái, năng động. Chất liệu vải thun mềm mịn, thoáng mát dành cho nàng diện mùa Xuân Hè này. ', '2021-08-12'),
(30, 4, 9, 'https://pubcdn.ivymoda.com/files/product/thumab/1366/2023/01/11/9eaf010bc1819247d8cd59c7785baeb4.jpg', 'ÁO THUN BO GẤU THÊU HỌA TIẾT', 356000, 16000, 'Thiết kế áo cổ tròn, dáng ngắn bo gấu trẻ trung, phom áo oversize thoải mái, năng động. Chất liệu vải thun mềm mịn, thoáng mát dành cho nàng diện mùa Xuân Hè này. ', '2021-08-12'),
(31, 5, 4, 'https://pubcdn.ivymoda.com/files/product/thumab/1366/2021/11/05/3625ee36814ab4710c1bab70576d792b.JPG', 'BLACK DIAMOND TOP', 670000, 70000,'Áo sơ mi cổ vuông. Tay dài bằng vải phối. Dáng áo Peplum có 6 đính trang trí. 2 túi chéo. Cài bằng khuy giọt lệ phía sau.', '2021-08-12'),
(32, 5, 6, 'https://pubcdn.ivymoda.com/files/product/thumab/1366/2022/08/31/b813baba79725547f299a689d0dd9a73.jpg', 'ÁO PEPLUM XẺ VAI', 769000, 69000, ' Áo peplum tay chờm với vạt chéo tạo kiểu cổ chữ V', '2021-08-12'),
(33, 5, 9, 'https://pubcdn.ivymoda.com/files/product/thumab/1366/2022/08/19/fdc3a213e72f5921045526f8c7ead5ef.jpg', 'ÁO PEPLUM XẺ VAI', 769000, 69000, ' Áo peplum tay chờm với vạt chéo tạo kiểu cổ chữ V', '2021-08-12'),
(34, 5, 1, 'https://pubcdn.ivymoda.com/files/product/thumab/1366/2022/09/07/161f0ec532e17d03ce817c434c7d457a.jpg', 'ÁO PEPLUM XẺ VAI', 769000, 69000, ' Áo peplum tay chờm với vạt chéo tạo kiểu cổ chữ V', '2021-08-12'),
(35, 6, 4, 'https://pubcdn.ivymoda.com/files/product/thumab/1366/2022/01/14/fb14a449b975c2a63aa4f43fba56f944.JPG', 'ÁO LEN DÁNG PEPLUM', 327000, 20000, 'Áo len cổ tròn. Tay dài. Dáng pelum. Viền tlen gân co giãn ở cổ và gấu áo. Họa tiết đan trên nền vải. ', '2021-08-12'),
(36, 6, 7, 'https://pubcdn.ivymoda.com/files/product/thumab/1366/2022/01/26/3c10809c5c7e46a836b1f5c73ff41213.JPG', 'ÁO LEN DÁNG PEPLUM', 327000, 20000, 'Áo len cổ tròn. Tay dài. Dáng pelum. Viền tlen gân co giãn ở cổ và gấu áo. Họa tiết đan trên nền vải. ', '2021-08-12'),
(37, 6, 5, 'https://pubcdn.ivymoda.com/files/product/thumab/1366/2022/01/26/bd54f71ac3965c30b6cd74f23f34508b.JPG', 'ÁO LEN DÁNG PEPLUM', 327000, 20000, 'Áo len cổ tròn. Tay dài. Dáng pelum. Viền tlen gân co giãn ở cổ và gấu áo. Họa tiết đan trên nền vải. ', '2021-08-12'),
(38, 7, 3, 'https://pubcdn.ivymoda.com/files/product/thumab/1366/2020/12/01/5d9b8d40bdcce2ebcd50e75ef4949e1f.JPG', 'ÁO KHOÁC DẠ KHUY CÀI MÓC', 597000, 97000, 'Áo khoác dạ cổ kiểu, tay dài. Dáng chiết eo. Có 2 túi chéo có viền. Cài bằng móc cài ẩn tà.', '2021-08-12'),
(39, 7, 8, 'https://pubcdn.ivymoda.com/files/product/thumab/1366/2020/12/25/6e03fecdf7d77523f1113a5a3ccf7f02.JPG', 'ÁO KHOÁC DẠ KHUY CÀI MÓC', 597000, 97000, 'Áo khoác dạ cổ kiểu, tay dài. Dáng chiết eo. Có 2 túi chéo có viền. Cài bằng móc cài ẩn tà.', '2021-08-12'),
(40, 7, 1, 'https://pubcdn.ivymoda.com/files/product/thumab/1366/2020/12/03/f9e1367a4e81b448e3645503d70f19c5.JPG', 'ÁO KHOÁC DẠ KHUY CÀI MÓC', 597000, 97000, 'Áo khoác dạ cổ kiểu, tay dài. Dáng chiết eo. Có 2 túi chéo có viền. Cài bằng móc cài ẩn tà.', '2021-08-12'),
(41, 8, 3, 'https://pubcdn.ivymoda.com/files/product/thumab/1366/2022/01/20/e0215410e7db70cc1339d3a15eb5945e.JPG','ÁO KHOÁC DẠ DÁNG DÀI', 1476000, 190000, 'Áo khoác dạ cổ 2 ve dài khoét chữ K. Tay áo dài đính 3 khuy trang trí. Có hàng khuy đôi 2 bên tà. 2 túi chéo phía trước.', '2021-08-12'),
(42, 8, 4, 'https://pubcdn.ivymoda.com/files/product/thumab/1366/2022/01/20/75560cd18141b85670ccb4c415f94cec.JPG', 'ÁO KHOÁC DẠ DÁNG DÀI', 1476000, 190000, 'Áo khoác dạ cổ 2 ve dài khoét chữ K. Tay áo dài đính 3 khuy trang trí. Có hàng khuy đôi 2 bên tà. 2 túi chéo phía trước.', '2021-08-12'),
(43, 8, 9, 'https://pubcdn.ivymoda.com/files/product/thumab/1366/2022/01/20/0d378ac39c09edcff36fc3f240990ef1.JPG', 'ÁO KHOÁC DẠ DÁNG DÀI', 1476000, 190000, 'Áo khoác dạ cổ 2 ve dài khoét chữ K. Tay áo dài đính 3 khuy trang trí. Có hàng khuy đôi 2 bên tà. 2 túi chéo phía trước.', '2021-08-12'),
(44, 9, 4, 'https://pubcdn.ivymoda.com/files/product/thumab/400/2021/11/15/6098240207ea71e763c63f82a30ce6f2.JPG', 'TRENCH COAT - AS AGELESS AS THE SUN', 897000, 97000, 'Áo khoác thiết kế cổ hai ve bản to, dáng dài cùng màu sắc sang trọng, kiểu dáng vô cùng đẳng cấp. Với chất liệu Tuysi cao cấp bề mặt vải mềm mịn, không gây tích điện và khả năng giữ form cực tốt.', '2021-08-12'),
(45, 9, 9, 'https://pubcdn.ivymoda.com/files/product/thumab/1366/2019/11/06/8ca815d2c660484b37057e47cb86cdf4.jpg', 'TRENCH COAT - AS AGELESS AS THE SUN', 897000, 97000, 'Áo khoác thiết kế cổ hai ve bản to, dáng dài cùng màu sắc sang trọng, kiểu dáng vô cùng đẳng cấp. Với chất liệu Tuysi cao cấp bề mặt vải mềm mịn, không gây tích điện và khả năng giữ form cực tốt.', '2021-08-12'),
(46, 9, 7, 'https://pubcdn.ivymoda.com/files/product/thumab/1366/2022/04/18/49f471e040d6f921efc3025bdd8276c1.JPG', 'TRENCH COAT - AS AGELESS AS THE SUN', 897000, 97000, 'Áo khoác thiết kế cổ hai ve bản to, dáng dài cùng màu sắc sang trọng, kiểu dáng vô cùng đẳng cấp. Với chất liệu Tuysi cao cấp bề mặt vải mềm mịn, không gây tích điện và khả năng giữ form cực tốt.', '2021-08-12'),
(47, 10, 6, 'https://pubcdn.ivymoda.com/files/product/thumab/1366/2021/12/31/d788d3a0c4e6b83273f069bb010f4021.JPG','QUẦN DÀI ỐNG SUÔNG', 1190000, 190000, 'Quần dài ống rộng dáng suông. Cạp cao có đỉa. 2 túi chéo 2 bên, 1 viền túi giả phía sau.', '2021-08-12'),
(48, 10, 5, 'https://pubcdn.ivymoda.com/files/product/thumab/1366/2022/01/11/4e780d3747098397e39879bceb572303.JPG', 'QUẦN DÀI ỐNG SUÔNG', 1190000, 190000, 'Quần dài ống rộng dáng suông. Cạp cao có đỉa. 2 túi chéo 2 bên, 1 viền túi giả phía sau.', '2021-08-12'),
(49, 10, 9, 'https://pubcdn.ivymoda.com/files/product/thumab/1366/2022/01/05/ee0bbd5b0236c5950fdf835be3fa8bdc.JPG', 'QUẦN DÀI ỐNG SUÔNG', 1190000, 190000, 'Quần dài ống rộng dáng suông. Cạp cao có đỉa. 2 túi chéo 2 bên, 1 viền túi giả phía sau.', '2021-08-12'),
(50, 10, 10, 'https://pubcdn.ivymoda.com/files/product/thumab/1366/2022/01/05/52e86758fdfbf8b70d1b58d05671aef3.JPG', 'QUẦN DÀI ỐNG SUÔNG', 1190000, 190000, 'Quần dài ống rộng dáng suông. Cạp cao có đỉa. 2 túi chéo 2 bên, 1 viền túi giả phía sau.', '2021-08-12'),
(51, 10, 4, 'https://pubcdn.ivymoda.com/files/product/thumab/1366/2022/01/05/7abde73427da5f9ef5949dd65ffee104.JPG', 'QUẦN DÀI ỐNG SUÔNG', 1190000, 190000, 'Quần dài ống rộng dáng suông. Cạp cao có đỉa. 2 túi chéo 2 bên, 1 viền túi giả phía sau.', '2021-08-12'),
(52, 11, 7, 'https://pubcdn.ivymoda.com/files/product/thumab/1366/2023/03/20/719ee9b97db4b23044976c89738efa8d.jpg', 'QUẦN SOOC BÒ GẬP GẤU', 960000, 60000, 'Quần mini short dáng suông, ống gấu gập tầm 3cm được may cố định. Phía trước có túi chéo, phía sau có túi hộp', '2021-08-12'),
(53, 11, 9, 'https://pubcdn.ivymoda.com/files/product/thumab/1366/2023/03/21/1ac00b418542022023a0af465c61fada.jpg', 'QUẦN SOOC BÒ GẬP GẤU', 960000, 60000, 'Quần mini short dáng suông, ống gấu gập tầm 3cm được may cố định. Phía trước có túi chéo, phía sau có túi hộp', '2021-08-12'),
(54, 11, 5, 'https://pubcdn.ivymoda.com/files/product/thumab/1366/2022/10/14/e876bf99a5a9d16878f1f1319e50a02a.jpeg', 'QUẦN SOOC PHỐI PHỤ KIỆN', 850000, 150000, 'Sản phẩm thuộc BST Timeless và được trình diễn trong show thời trang Fall Winter 2022. ', '2021-08-12'),
(55, 11, 9, 'https://pubcdn.ivymoda.com/files/product/thumab/1366/2022/10/18/36d10a111f59c198ab65fe0f75cbe4f1.jpg', 'QUẦN SOOC PHỐI PHỤ KIỆN', 850000, 150000, 'Sản phẩm thuộc BST Timeless và được trình diễn trong show thời trang Fall Winter 2022. ', '2021-08-12'),
(56, 11, 9, 'https://pubcdn.ivymoda.com/files/product/thumab/1366/2023/03/07/884ad88d4e3cbeb461d23ca17a854a80.jpg', 'QUẦN SOOC KAKI GIẢ VÁY', 790000, 190000, 'Quần sooc giả váy cạp cao giúp tôn dáng nàng. Đây là lựa chọn hoàn hảo cho nàng muốn diện dáng chân váy ngắn mà vẫn muốn sự thoải mái và kín đáo.', '2021-08-12'),
(57, 11, 7, 'https://pubcdn.ivymoda.com/files/product/thumab/1366/2023/02/13/d34321eea15a7a07e48748e8973fb6dc.jpg', 'QUẦN SOOC KAKI GIẢ VÁY', 790000, 190000, 'Quần sooc giả váy cạp cao giúp tôn dáng nàng. Đây là lựa chọn hoàn hảo cho nàng muốn diện dáng chân váy ngắn mà vẫn muốn sự thoải mái và kín đáo.', '2021-08-12'),
(58, 12, 6, 'https://pubcdn.ivymoda.com/files/product/thumab/1366/2023/03/27/9be8693c36bd084ea06907b7f565833f.jpg', 'QUẦN BAGGY DÂY LƯNG THẮT NƠ', 1190000, 190000, 'Với kiểu dáng ống đứng thanh thoát, chiếc quần này giúp tôn lên đôi chân dài và sẽ là sự lựa chọn hoàn hảo cho những buổi đi làm hay các sự kiện đặc biệt.', '2021-08-12'),
(59, 12, 5, 'https://pubcdn.ivymoda.com/files/product/thumab/1366/2023/03/27/ee7511ca18f4e83456967bf7ab45d5d3.jpg', 'QUẦN BAGGY DÂY LƯNG THẮT NƠ', 1190000, 190000, 'Với kiểu dáng ống đứng thanh thoát, chiếc quần này giúp tôn lên đôi chân dài và sẽ là sự lựa chọn hoàn hảo cho những buổi đi làm hay các sự kiện đặc biệt.', '2021-08-12'),
(60, 12, 9, 'https://pubcdn.ivymoda.com/files/product/thumab/1366/2023/03/27/16ce4278d4b4d147949b6b0c840c8269.jpg', 'QUẦN BAGGY DÂY LƯNG THẮT NƠ', 1190000, 190000, 'Với kiểu dáng ống đứng thanh thoát, chiếc quần này giúp tôn lên đôi chân dài và sẽ là sự lựa chọn hoàn hảo cho những buổi đi làm hay các sự kiện đặc biệt.', '2021-08-12'),
(61, 13, 2, 'https://pubcdn.ivymoda.com/files/product/thumab/1366/2020/12/28/a1f77fa3e07d7b3c01903ac7b34f42a6.JPG', 'ZUÝP ÔM 6 KHUY', 285000, 85000, 'Zuýp dài qua gối. Có 2 hàng khuy phía trước. Xẻ tà 1 bên. Cài bằng khóa kéo ẩn sau lưng. Mix cùng áo vest đồng bộ.', '2021-08-12'),
(62, 13, 6, 'https://pubcdn.ivymoda.com/files/product/thumab/1366/2020/12/25/abb342ab7ec0babe65453b15da61f328.JPG', 'ZUÝP ÔM 6 KHUY', 285000, 85000, 'Zuýp dài qua gối. Có 2 hàng khuy phía trước. Xẻ tà 1 bên. Cài bằng khóa kéo ẩn sau lưng. Mix cùng áo vest đồng bộ.', '2021-08-12'),
(63, 13, 5, 'https://pubcdn.ivymoda.com/files/product/thumab/1366/2021/11/12/950efe21c2b6212e9e7f36eab2849e43.JPG', 'CHÂN VÁY BÚT CHÌ VẢI THUN GÂN', 297000, 97000, 'Chân váy bút chì cạp cao bằng thun co giãn. Mặt trước có hàng khuy tạo kiểu, xẻ gấu 1 bên. Có thể mix cùng áo thun đồng bộ MS 58B9035', '2021-08-12'),
(64, 13, 7, 'https://pubcdn.ivymoda.com/files/product/thumab/1366/2021/11/10/110d15efb293de239ae9a0e02f00d732.JPG', 'CHÂN VÁY BÚT CHÌ VẢI THUN GÂN', 297000, 97000, 'Chân váy bút chì cạp cao bằng thun co giãn. Mặt trước có hàng khuy tạo kiểu, xẻ gấu 1 bên. Có thể mix cùng áo thun đồng bộ MS 58B9035', '2021-08-12'),
(65, 13, 9, 'https://pubcdn.ivymoda.com/files/product/thumab/1366/2021/11/30/9ce4f55c430f4965d1e9570df4b20488.JPG', 'CHÂN VÁY BÚT CHÌ VẢI THUN GÂN', 297000, 97000, 'Chân váy bút chì cạp cao bằng thun co giãn. Mặt trước có hàng khuy tạo kiểu, xẻ gấu 1 bên. Có thể mix cùng áo thun đồng bộ MS 58B9035', '2021-08-12'),
(66, 14, 4, 'https://pubcdn.ivymoda.com/files/product/thumab/1366/2022/12/30/9e3e76881ed8ba31e3121fa557570240.jpg', 'CHÂN VÁY LỤA XẾP LY DÁNG DÀI', 1490000, 390000, 'Chân váy xếp ly 1 lớp cạp cao. Vải bề mặt kiểu Tuysi pha lụa được dập xếp ly phía trước. Cài khóa kéo ẩn sau lưng.', '2021-08-12'),
(67, 14, 1, 'https://pubcdn.ivymoda.com/files/product/thumab/1366/2023/01/03/e0c692f33df478df5c72ca7224af8e33.jpg', 'CHÂN VÁY LỤA XẾP LY DÁNG DÀI', 1490000, 390000, 'Chân váy xếp ly 1 lớp cạp cao. Vải bề mặt kiểu Tuysi pha lụa được dập xếp ly phía trước. Cài khóa kéo ẩn sau lưng.', '2021-08-12'),
(68, 14, 9, 'https://pubcdn.ivymoda.com/files/product/thumab/1366/2022/12/30/c54a9157f5abf2768a0ebff14035a460.jpg', 'CHÂN VÁY LỤA XẾP LY DÁNG DÀI', 1490000, 390000, 'Chân váy xếp ly 1 lớp cạp cao. Vải bề mặt kiểu Tuysi pha lụa được dập xếp ly phía trước. Cài khóa kéo ẩn sau lưng.', '2021-08-12'),
(69, 14, 11, 'https://pubcdn.ivymoda.com/files/product/thumab/1366/2022/12/13/4986ff0bbb9d804e951ebc143fd65b7a.jpg','CHÂN VÁY XẾP LY XÒE', 1090000, 90000, 'Chân váy 1 lớp xếp ly bản to dáng xòe. Tùng dài qua gối, chần chỉ nổi trang trí tạo điểm nhấn', '2021-08-12'),
(70, 14, 7, 'https://pubcdn.ivymoda.com/files/product/thumab/1366/2022/12/13/106ed0d9e92b52f2ca97bfa6967fe3af.jpg', 'CHÂN VÁY XẾP LY XÒE', 1090000, 90000,'Chân váy 1 lớp xếp ly bản to dáng xòe. Tùng dài qua gối, chần chỉ nổi trang trí tạo điểm nhấn', '2021-08-12'),
(71, 14, 9, 'https://pubcdn.ivymoda.com/files/product/thumab/1366/2022/12/13/0ea9b23c8854a5b1d1b0fe417ae0b328.jpg', 'CHÂN VÁY XẾP LY XÒE', 1090000, 90000, 'Chân váy 1 lớp xếp ly bản to dáng xòe. Tùng dài qua gối, chần chỉ nổi trang trí tạo điểm nhấn', '2021-08-12'),
(72, 15, 4, 'https://pubcdn.ivymoda.com/files/product/thumab/1366/2023/04/12/15c26502f489a7e5b5ec9d532bcc38ab.jpg', 'ĐẦM MAXI TAY HẾN', 2490000, 300000, 'Thiết kế đầm maxi với độ dài ngang bắp chân. Đầm cổ tròn, tay hến, ngực may nhúm nữ tính kết hợp cùng hàng khuy kim loại tạo điểm nhấn', '2021-08-12'),
(73, 15, 2, 'https://pubcdn.ivymoda.com/files/product/thumab/1366/2023/04/12/38c03331d5079d593738e75ce0024c0d.jpg', 'ĐẦM MAXI TAY HẾN', 2490000, 300000, 'Thiết kế đầm maxi với độ dài ngang bắp chân. Đầm cổ tròn, tay hến, ngực may nhúm nữ tính kết hợp cùng hàng khuy kim loại tạo điểm nhấn', '2021-08-12'),
(74, 15, 9, 'https://pubcdn.ivymoda.com/files/product/thumab/1366/2023/03/21/121afd7151d0aca7d68621bdc5ed2279.jpg', 'ĐẦM MAXI TAY HẾN', 2490000, 300000, 'Thiết kế đầm maxi với độ dài ngang bắp chân. Đầm cổ tròn, tay hến, ngực may nhúm nữ tính kết hợp cùng hàng khuy kim loại tạo điểm nhấn', '2021-08-12'),
(75, 15, 6, 'https://pubcdn.ivymoda.com/files/product/thumab/1366/2023/04/12/0ac91252aff206cd4600c2c18e7f0f68.jpg', 'ĐẦM MAXI TAY HẾN', 2490000, 300000, 'Thiết kế đầm maxi với độ dài ngang bắp chân. Đầm cổ tròn, tay hến, ngực may nhúm nữ tính kết hợp cùng hàng khuy kim loại tạo điểm nhấn', '2021-08-12'),
(76, 15, 1, 'https://pubcdn.ivymoda.com/files/product/thumab/1366/2023/04/12/956ae727ae063f8a28934e52667c37a8.jpg','ROSIE SET', 1780000, 190000, 'Rosie Set là một bộ trang phục đầy nữ tính và quyến rũ, gồm một thiết kế áo và chân váy đồng bộ, được làm từ chất liệu vải ren cao cấp với họa tiết hoa in nổi tinh tế.', '2021-08-12'),
(77, 15, 6, 'https://pubcdn.ivymoda.com/files/product/thumab/1366/2023/04/12/d875427329764443f360cbaee5e456b1.jpg', 'ROSIE SET', 1780000, 190000, 'Rosie Set là một bộ trang phục đầy nữ tính và quyến rũ, gồm một thiết kế áo và chân váy đồng bộ, được làm từ chất liệu vải ren cao cấp với họa tiết hoa in nổi tinh tế.', '2021-08-12'),
(78, 16, 2, 'https://pubcdn.ivymoda.com/files/product/thumab/1366/2022/04/18/76390ca5a89a0e29dcd21c994b4d2d6d.JPG', 'ĐẦM XẾP CUT-OUT', 676000, 76000, 'Đầm dáng xếp lệch. Tay áo lửng. Cổ tròn phối với cut-out lệch. Tay áo lửng. Độ dài chạm gối, một bên xẻ tà ngắn. Đằng sau có khóa kéo và chiết nhẹ phần eo.', '2021-08-12'),
(79, 16, 3, 'https://pubcdn.ivymoda.com/files/product/thumab/1366/2022/04/06/a367b6c46be229877d6906d7ebe34a02.JPG', 'ĐẦM XẾP CUT-OUT', 676000, 76000, 'Đầm dáng xếp lệch. Tay áo lửng. Cổ tròn phối với cut-out lệch. Tay áo lửng. Độ dài chạm gối, một bên xẻ tà ngắn. Đằng sau có khóa kéo và chiết nhẹ phần eo.', '2021-08-12'),
(80, 16, 9, 'https://pubcdn.ivymoda.com/files/product/thumab/1366/2022/04/06/d4bbe71a9fb9cf58b5fd9a577964a0e6.JPG', 'ĐẦM XẾP CUT-OUT', 676000, 76000, 'Đầm dáng xếp lệch. Tay áo lửng. Cổ tròn phối với cut-out lệch. Tay áo lửng. Độ dài chạm gối, một bên xẻ tà ngắn. Đằng sau có khóa kéo và chiết nhẹ phần eo.', '2021-08-12'),
(81, 16, 4, 'https://pubcdn.ivymoda.com/files/product/thumab/1366/2021/07/26/b59fdd97644976993c2348e81acf9b4d.JPG', 'ĐẦM THUN DÁNG XẾP', 525000, 25000, 'Thiết kế cổ đức cùng phần chữ V khoét sâu, kiểu dáng ôm body tạo hiệu ứng tôn dáng cho phái đẹp.', '2021-08-12'),
(82, 16, 7, 'https://pubcdn.ivymoda.com/files/product/thumab/1366/2019/11/18/3472dcfe8f6f7162798a0c343dbe4a59.jpg', 'ĐẦM THUN DÁNG XẾP', 525000, 25000, 'Thiết kế cổ đức cùng phần chữ V khoét sâu, kiểu dáng ôm body tạo hiệu ứng tôn dáng cho phái đẹp.', '2021-08-12'),
(83, 16, 9, 'https://pubcdn.ivymoda.com/files/product/thumab/1366/2019/11/18/6043b1cca7c1221388ed6b662da77447.jpg', 'ĐẦM THUN DÁNG XẾP', 525000, 25000, 'Thiết kế cổ đức cùng phần chữ V khoét sâu, kiểu dáng ôm body tạo hiệu ứng tôn dáng cho phái đẹp.', '2021-08-12'),
(84, 17, 4, 'https://pubcdn.ivymoda.com/files/product/thumab/1366/2023/03/20/bc74de6da2bb3c0b0abdd6f20fdb43f8.jpg', 'CAILY DRESS - ĐẦM ÔM TRỄ VAI', 2790000, 190000, 'Thiết kế đầm với chi tiết trễ vai vô cùng quyến rũ khi khéo léo khoe xương quai xanh cùng bờ vai mềm, tôn trọn vẻ đẹp nữ tính, yêu kiều của nàng. ', '2021-08-12'),
(85, 17, 9, 'https://pubcdn.ivymoda.com/files/product/thumab/1366/2023/03/10/105f72e9d572f813b1b154659d968e33.jpg', 'CAILY DRESS - ĐẦM ÔM TRỄ VAI', 2790000, 190000, 'Thiết kế đầm với chi tiết trễ vai vô cùng quyến rũ khi khéo léo khoe xương quai xanh cùng bờ vai mềm, tôn trọn vẻ đẹp nữ tính, yêu kiều của nàng. ', '2021-08-12'),
(86, 17, 8, 'https://pubcdn.ivymoda.com/files/product/thumab/1366/2023/04/10/d53854452ceca3da55cb4662dc3b4909.jpg', 'CAILY DRESS - ĐẦM ÔM TRỄ VAI', 2790000, 190000, 'Thiết kế đầm với chi tiết trễ vai vô cùng quyến rũ khi khéo léo khoe xương quai xanh cùng bờ vai mềm, tôn trọn vẻ đẹp nữ tính, yêu kiều của nàng. ', '2021-08-12'),
(87, 18, 9, 'https://pubcdn.ivymoda.com/files/product/thumab/1366/2023/04/11/146915c3d84f42e0706911e7dfb9024a.jpg', 'ÁO NGỰC CÓ GỌNG PHỐI REN', 849000, 190000, 'Áo ngực phối gọng ren với chất liệu thun an toàn và thoải mái sẽ là sự lựa chọn tuyệt vời cho phái đẹp. Sử dụng chất liệu vải thun tuyển chọn, không kích ứng,', '2021-08-12'),
(88, 19, 9, 'https://pubcdn.ivymoda.com/files/product/thumab/1366/2022/05/20/78c6dfdae5a73bd589336f0da66daaf0.JPG', 'SLIP REN LƯỚI', 120000, 0, 'Slip trơn, chất liệu chính là thun và ren. Thiết kế ôm sát nhẹ nhàng, mỏng nhẹ và tôn dáng tốt.', '2021-08-12'),
(89, 20, 5, 'https://pubcdn.ivymoda.com/files/product/thumab/1366/2022/05/27/cb93235d27ec08e0ff2801a92f80d47c.JPG', 'ÁO THUN PHỐI TÚI HỘP', 345000, 45000, 'Áo thun trơn cổ tròn basic sẽ là item không thể thiếu trong những ngày hè sắp tới cho mọi chàng trai.', '2021-08-12'),
(90, 20, 7, 'https://pubcdn.ivymoda.com/files/product/thumab/1366/2022/05/27/d79001635b2af011e4e8dc5f88651eab.JPG', 'ÁO THUN PHỐI TÚI HỘP', 345000, 45000, 'Áo thun trơn cổ tròn basic sẽ là item không thể thiếu trong những ngày hè sắp tới cho mọi chàng trai.', '2021-08-12'),
(91, 20, 4, 'https://pubcdn.ivymoda.com/files/product/thumab/1366/2022/03/29/c3b3a8a5b2c5cef73637e1695159e815.JPG', 'ÁO THUN IN QUOTE',  325000, 125000, 'Áo thun dáng cơ bản, ôm nhẹ nhưng không bó, có động rộng nhất định. Tay ngắn, cổ tròn.', '2021-08-12'),
(92, 20, 8, 'https://pubcdn.ivymoda.com/files/product/thumab/1366/2022/03/29/c3b3a8a5b2c5cef73637e1695159e815.JPG', 'ÁO THUN IN QUOTE', 325000, 125000, 'Áo thun dáng cơ bản, ôm nhẹ nhưng không bó, có động rộng nhất định. Tay ngắn, cổ tròn.', '2021-08-12'),
(93, 20, 5, 'https://pubcdn.ivymoda.com/files/product/thumab/1366/2022/03/29/6bc696308d8d58fa7b5ff088075c5e7d.JPG', 'ÁO THUN IN QUOTE', 325000, 125000, 'Áo thun dáng cơ bản, ôm nhẹ nhưng không bó, có động rộng nhất định. Tay ngắn, cổ tròn.', '2021-08-12'),
(94, 20, 7, 'https://pubcdn.ivymoda.com/files/product/thumab/1366/2022/03/29/f35a835bd5046e43e37cf2d8c21e1ea1.JPG', 'ÁO THUN IN QUOTE', 325000, 125000, 'Áo thun dáng cơ bản, ôm nhẹ nhưng không bó, có động rộng nhất định. Tay ngắn, cổ tròn.', '2021-08-12'),
(95, 20, 9, 'https://pubcdn.ivymoda.com/files/product/thumab/1366/2022/03/29/adda13064909accba0e38d05dfa5cfc8.JPG', 'ÁO THUN IN QUOTE', 325000, 125000, 'Áo thun dáng cơ bản, ôm nhẹ nhưng không bó, có động rộng nhất định. Tay ngắn, cổ tròn.', '2021-08-12'),
(96, 21, 5, 'https://pubcdn.ivymoda.com/files/product/thumab/1366/2023/02/16/07fdbeaab44884f28d1217535975568a.jpg', 'ÁO KHOÁC GIÓ CỔ MŨ', 537000, 137000, 'Áo khoác gió 2 lớp phom suông rộng, giúp người mặc thoải mái trong từng cử động', '2021-08-12'),
(97, 21, 9, 'https://pubcdn.ivymoda.com/files/product/thumab/1366/2023/02/16/5116f6959320d7891ebef749c79e3734.jpg', 'ÁO KHOÁC GIÓ CỔ MŨ', 537000, 137000, 'Áo khoác gió 2 lớp phom suông rộng, giúp người mặc thoải mái trong từng cử động', '2021-08-12'),
(98, 21, 7, 'https://pubcdn.ivymoda.com/files/product/thumab/1366/2022/01/11/2495f87705e47a6bdaa4407f3899817d.JPG', 'ÁO KHOÁC NAM VẢI VINILON', 597000, 197000, 'Áo khoác nam vải vinilon phom suông, giúp người mặc thoải mái trong từng cử động, nhưng đồng thời vẫn đảm bảo vừa vặn về số đo vai, độ dài tay, áo.', '2021-08-12'),
(99, 21, 9, 'https://pubcdn.ivymoda.com/files/product/thumab/1366/2022/01/11/728c5f90027afd40e2e0558220e3db15.JPG', 'ÁO KHOÁC NAM VẢI VINILON', 597000, 197000, 'Áo khoác nam vải vinilon phom suông, giúp người mặc thoải mái trong từng cử động, nhưng đồng thời vẫn đảm bảo vừa vặn về số đo vai, độ dài tay, áo.', '2021-08-12'),
(100, 22, 3, 'https://pubcdn.ivymoda.com/files/product/thumab/1366/2021/05/13/b7f7d8777efc6ca98664a1719c7bffd1.jpg', 'ÁO POLO XẺ GẤU 2 BÊN', 147000, 0, 'Được ra đời vào những năm 60, là chiếc áo được dùng trong thể thao “hockey trên lưng ngựa” hay còn gọi là Polo.', '2021-08-12'),
(101, 22, 2, 'https://pubcdn.ivymoda.com/files/product/thumab/1366/2021/05/13/23fe148d98c62292bbd25f6c4ad16a0b.jpg', 'ÁO POLO XẺ GẤU 2 BÊN', 147000, 0, 'Được ra đời vào những năm 60, là chiếc áo được dùng trong thể thao “hockey trên lưng ngựa” hay còn gọi là Polo.', '2021-08-12'),
(102, 22, 7, 'https://pubcdn.ivymoda.com/files/product/thumab/1366/2021/05/13/b982135216d4309e72b53403c74c101d.jpg', 'ÁO POLO XẺ GẤU 2 BÊN', 147000, 0, 'Được ra đời vào những năm 60, là chiếc áo được dùng trong thể thao “hockey trên lưng ngựa” hay còn gọi là Polo.', '2021-08-12'),
(103, 22, 4, 'https://pubcdn.ivymoda.com/files/product/thumab/1366/2021/11/04/04dbff5f631d28dd677ed33128f24b58.JPG', 'ÁO POLO IVY MEN', 237000, 27000, 'Được ra đời vào những năm 60, là chiếc áo được dùng trong thể thao “hockey trên lưng ngựa” hay còn gọi là Polo. ', '2021-08-12'),
(104, 22, 9, 'https://pubcdn.ivymoda.com/files/product/thumab/1366/2021/10/18/e9a43acc257bf0eb499b444d57f42358.JPG', 'ÁO POLO IVY MEN', 237000, 27000, 'Được ra đời vào những năm 60, là chiếc áo được dùng trong thể thao “hockey trên lưng ngựa” hay còn gọi là Polo. ', '2021-08-12'),
(105, 23, 4, 'https://pubcdn.ivymoda.com/files/product/thumab/1366/2021/02/19/59eab63a2543f39c0927d08db68790af.JPG', 'ÁO LEN NAM REGULAR FIT', 264000, 64000, 'Áo len nam cổ tròn, tay dài. Bo viền bằng len gân co giãn.', '2021-08-12'),
(106, 23, 7, 'https://pubcdn.ivymoda.com/files/product/thumab/1366/2021/12/27/449f149d405048fec632a7072f330845.JPG', 'ÁO LEN NAM REGULAR FIT', 264000, 64000, 'Áo len nam cổ tròn, tay dài. Bo viền bằng len gân co giãn.', '2021-08-12'),
(107, 23, 5, 'https://pubcdn.ivymoda.com/files/product/thumab/1366/2021/12/27/588350eea1371729c89d40d0c37769f0.JPG', 'ÁO LEN NAM REGULAR FIT', 264000, 64000, 'Áo len nam cổ tròn, tay dài. Bo viền bằng len gân co giãn.', '2021-08-12'),
(108, 23, 5, 'https://pubcdn.ivymoda.com/files/product/thumab/1366/2021/12/27/80164926d4e8eaadae367d178c082136.JPG', 'ÁO LEN NAM HỌA TIẾT', 264000, 64000, 'Áo len nam cổ tròn, tay dài. Bo viền bằng len gân co giãn.', '2021-08-12'),
(109, 23, 7, 'https://pubcdn.ivymoda.com/files/product/thumab/1366/2021/12/27/4d09eda9596af8c4096287145805fd3c.JPG', 'ÁO LEN NAM HỌA TIẾT', 264000, 64000, 'Áo len nam cổ tròn, tay dài. Bo viền bằng len gân co giãn.', '2021-08-12'),
(110, 23, 9, 'https://pubcdn.ivymoda.com/files/product/thumab/1366/2021/02/19/aef09ed5d7979b818d1b08cf53dd1cd2.JPG', 'ÁO LEN NAM HỌA TIẾT', 264000, 64000, 'Áo len nam cổ tròn, tay dài. Bo viền bằng len gân co giãn.', '2021-08-12'),
(111, 24, 7, 'https://pubcdn.ivymoda.com/files/product/thumab/1366/2021/05/13/1e80657683e38823420061fa308d9754.jpg', 'QUẦN JEANS SLIM FIT', 436000, 36000, 'Quần jeans ống suông, dài qua mắt cá chân. Kiểu bạc màu. Gấu lật. Có 5 túi. Cài phía trước bằng khóa kéo và khuy.', '2021-08-12'),
(112, 24, 9, 'https://pubcdn.ivymoda.com/files/product/thumab/1366/2021/08/04/829ee10da8ea3df8ad4276aae8c79b03.JPG', 'QUẦN JEANS SLIM FIT', 436000, 36000, 'Quần jeans ống suông, dài qua mắt cá chân. Kiểu bạc màu. Gấu lật. Có 5 túi. Cài phía trước bằng khóa kéo và khuy.', '2021-08-12'),
(113, 25, 8, 'https://pubcdn.ivymoda.com/files/product/thumab/1366/2021/09/11/8e5d495f91f562e48d76ae9b904c9b81.JPG', 'QUẦN LỬNG NAM KHAKI', 267000, 67000, 'Quần lửng khaki ngang gối. Cạp có đỉa. Có 2 túi phía trước và 2 túi có khuy cài phía sau. Cài phía trước bằng khóa kéo và khuy.', '2021-08-12'),
(114, 25, 7, 'https://pubcdn.ivymoda.com/files/product/thumab/1366/2021/09/10/719e39d99508e40510a35d405c16d8d4.JPG', 'QUẦN LỬNG NAM KHAKI', 267000, 67000, 'Quần lửng khaki ngang gối. Cạp có đỉa. Có 2 túi phía trước và 2 túi có khuy cài phía sau. Cài phía trước bằng khóa kéo và khuy.', '2021-08-12'),
(115, 25, 4, 'https://pubcdn.ivymoda.com/files/product/thumab/1366/2022/05/27/4271a3f4502f1ab6a33f18d25f5fa054.JPG', 'QUẦN LỬNG NAM KHAKI', 267000, 67000, 'Quần lửng khaki ngang gối. Cạp có đỉa. Có 2 túi phía trước và 2 túi có khuy cài phía sau. Cài phía trước bằng khóa kéo và khuy.', '2021-08-12'),
(116, 25, 8, 'https://pubcdn.ivymoda.com/files/product/thumab/1366/2021/04/15/979fabe0217e4be8100d89294452b93e.jpg', 'QUẦN LỬNG CẠP CHUN CO GIÃN', 267000, 67000, 'Quần lửng khaki ngang gối. Cạp có đỉa. Có 2 túi phía trước và 2 túi có khuy cài phía sau. Cài phía trước bằng khóa kéo và khuy.', '2021-08-12'),
(117, 25, 7, 'https://pubcdn.ivymoda.com/files/product/thumab/1366/2021/04/15/85ba78a5f4af1caf6a95b580e8e779e8.jpg', 'QUẦN LỬNG CẠP CHUN CO GIÃN', 267000, 67000, 'Quần lửng khaki ngang gối. Cạp có đỉa. Có 2 túi phía trước và 2 túi có khuy cài phía sau. Cài phía trước bằng khóa kéo và khuy.', '2021-08-12'),
(118, 25, 9, 'https://pubcdn.ivymoda.com/files/product/thumab/1366/2021/04/15/05c82391959c573723f96f6a0abea3f2.jpg', 'QUẦN LỬNG CẠP CHUN CO GIÃN', 267000, 67000, 'Quần lửng khaki ngang gối. Cạp có đỉa. Có 2 túi phía trước và 2 túi có khuy cài phía sau. Cài phía trước bằng khóa kéo và khuy.', '2021-08-12'),
(119, 26, 4, 'https://pubcdn.ivymoda.com/files/product/thumab/1366/2020/07/28/4d3bfbf02772819b601e9a94e40fb425.jpg', 'GIÀY THỂ THAO BẠC', 327000, 27000, '', '2021-08-12'),
(120, 26, 9, 'https://pubcdn.ivymoda.com/files/product/thumab/1366/2020/07/28/e1aaea70fb99c68cff1163d8c4799a92.jpg', 'GIÀY THỂ THAO ĐEN', 327000, 27000, '', '2021-08-12'),
(121, 26, 7, 'https://pubcdn.ivymoda.com/files/product/thumab/1366/2021/03/31/3243b04b7097cc0b0d68b4f9f65165a9.jpg', 'GIẦY LƯỜI NAM ĐỤC LỖ', 357000, 57000, 'Giày lười nam họa tiết lỗ. Đế giày chắc chắn, chống trơn trượt. Từng đường may kép tỉ mỉ, chắc chắn chạy quanh giày. ', '2021-08-12'),
(122, 26, 9, 'https://pubcdn.ivymoda.com/files/product/thumab/1366/2021/03/31/290512cb7394b0d0067b0fe8341bdc0e.jpg', 'GIẦY LƯỜI NAM ĐỤC LỖ', 357000, 57000, 'Giày lười nam họa tiết lỗ. Đế giày chắc chắn, chống trơn trượt. Từng đường may kép tỉ mỉ, chắc chắn chạy quanh giày. ', '2021-08-12'),
(123, 26, 5, 'https://pubcdn.ivymoda.com/files/product/thumab/1366/2021/03/31/98351b3cba76e457b7f42d3854dd5989.jpg', 'DÉP NAM XỎ NGÓN', 237000, 0, 'Dép nam xỏ ngón dây đôi với sự tối giản trong thiết kế, quai bảng vừa ôm chân với họa tiết cách điệu', '2021-08-12'),
(124, 26, 9, 'https://pubcdn.ivymoda.com/files/product/thumab/1366/2021/04/01/faaa8d1ad4a2932b25bb7f94ba6da751.jpg', 'DÉP NAM XỎ NGÓN', 237000, 0, 'Dép nam xỏ ngón dây đôi với sự tối giản trong thiết kế, quai bảng vừa ôm chân với họa tiết cách điệu', '2021-08-12'),
(125, 27, 7, 'https://pubcdn.ivymoda.com/files/product/thumab/1366/2020/12/14/028a29d6e4215ae9ef9ed9e634563c33.JPG', 'CÀ VẠT NAM', 267000, 0, 'Họa tiết thanh lịch màu sắc đa dạng, Cà vạt đẹp sẽ là phụ kiện giúp các quý ông nổi bật đầy nam tính. ', '2021-08-12'),
(126, 27, 3, 'https://pubcdn.ivymoda.com/files/product/thumab/1366/2020/12/14/e2a88a1cbe5d283078f56fca1a481da1.JPG', 'CÀ VẠT NAM', 267000, 0, 'Họa tiết thanh lịch màu sắc đa dạng, Cà vạt đẹp sẽ là phụ kiện giúp các quý ông nổi bật đầy nam tính. ', '2021-08-12'),
(127, 27, 9, 'https://pubcdn.ivymoda.com/files/product/thumab/1366/2020/12/14/0ab206239c0ccf22a191181bfa79b29d.JPG', 'CÀ VẠT NAM', 267000, 0, 'Họa tiết thanh lịch màu sắc đa dạng, Cà vạt đẹp sẽ là phụ kiện giúp các quý ông nổi bật đầy nam tính. ', '2021-08-12'),
(128, 27, 11, 'https://pubcdn.ivymoda.com/files/product/thumab/1366/2020/12/14/a173b651a69f368a05ed2f442618e0d1.JPG', 'CÀ VẠT NAM', 267000, 0, 'Họa tiết thanh lịch màu sắc đa dạng, Cà vạt đẹp sẽ là phụ kiện giúp các quý ông nổi bật đầy nam tính. ', '2021-08-12'),
(129, 28, 4, 'https://pubcdn.ivymoda.com/files/product/thumab/1366/2022/04/15/a01444d72802f2028e45646cd7836b97.JPG', 'SET THUN COOL GIRL HAVE FUN', 598000, 180000, 'Set thun bao gồm áo và quần ngắn. Áo tay cộc, dáng suông, phía trước in hình ngộ nghĩnh. ', '2021-08-12'),
(130, 28, 10, 'https://pubcdn.ivymoda.com/files/product/thumab/1366/2022/04/15/7424f1cbefb6171b9dafd5ce785df171.JPG', 'SET THUN COOL GIRL HAVE FUN', 598000, 180000, 'Set thun bao gồm áo và quần ngắn. Áo tay cộc, dáng suông, phía trước in hình ngộ nghĩnh. ', '2021-08-12'),
(131, 28, 1, 'https://pubcdn.ivymoda.com/files/product/thumab/1366/2022/04/15/5f2e174b7b0ee0daf3f0d42d02435263.JPG', 'SET THUN COOL GIRL HAVE FUN', 598000, 180000, 'Set thun bao gồm áo và quần ngắn. Áo tay cộc, dáng suông, phía trước in hình ngộ nghĩnh. ', '2021-08-12'),
(132, 28, 6, 'https://pubcdn.ivymoda.com/files/product/thumab/1366/2022/04/15/928c964a67ac6335b97726776c26f1d1.JPG', 'SET THUN COOL GIRL HAVE FUN', 598000, 180000, 'Set thun bao gồm áo và quần ngắn. Áo tay cộc, dáng suông, phía trước in hình ngộ nghĩnh. ', '2021-08-12'),
(133, 28, 2,'https://pubcdn.ivymoda.com/files/product/thumab/1366/2022/07/18/3e61260098e63308beaa3316fd7836e9.JPG', 'SET ÁO 2 DÂY PHỐI BÈO XẾP TẦNG', 840000, 120000, 'Áo 2 dây vải thô, thiết kế phối bèo xếp tầng xòe rộng.', '2021-08-12'),
(134, 28, 8,'https://pubcdn.ivymoda.com/files/product/thumab/1366/2022/07/01/53b7fe9e43016ebf94764fb4b1529862.JPG', 'SET ÁO 2 DÂY PHỐI BÈO XẾP TẦNG', 840000, 120000, 'Áo 2 dây vải thô, thiết kế phối bèo xếp tầng xòe rộng.', '2021-08-12'),
(135, 28, 4,'https://pubcdn.ivymoda.com/files/product/thumab/1366/2022/07/01/046efcfacf6afc6bc9c6bb0756329c15.JPG', 'SET ÁO 2 DÂY PHỐI BÈO XẾP TẦNG', 840000, 120000, 'Áo 2 dây vải thô, thiết kế phối bèo xếp tầng xòe rộng.', '2021-08-12'),
(136, 29, 4, 'https://pubcdn.ivymoda.com/files/product/thumab/1366/2022/04/15/a01444d72802f2028e45646cd7836b97.JPG', 'SET THUN COOL GIRL HAVE FUN', 598000, 180000, 'Set thun bao gồm áo và quần ngắn. Áo tay cộc, dáng suông, phía trước in hình ngộ nghĩnh. ', '2021-08-12'),
(137, 29, 10, 'https://pubcdn.ivymoda.com/files/product/thumab/1366/2022/04/15/7424f1cbefb6171b9dafd5ce785df171.JPG', 'SET THUN COOL GIRL HAVE FUN', 598000, 180000, 'Set thun bao gồm áo và quần ngắn. Áo tay cộc, dáng suông, phía trước in hình ngộ nghĩnh. ', '2021-08-12'),
(138, 29, 1, 'https://pubcdn.ivymoda.com/files/product/thumab/1366/2022/04/15/5f2e174b7b0ee0daf3f0d42d02435263.JPG', 'SET THUN COOL GIRL HAVE FUN', 598000, 180000, 'Set thun bao gồm áo và quần ngắn. Áo tay cộc, dáng suông, phía trước in hình ngộ nghĩnh. ', '2021-08-12'),
(139, 29, 6, 'https://pubcdn.ivymoda.com/files/product/thumab/1366/2022/04/15/928c964a67ac6335b97726776c26f1d1.JPG', 'SET THUN COOL GIRL HAVE FUN', 598000, 180000, 'Set thun bao gồm áo và quần ngắn. Áo tay cộc, dáng suông, phía trước in hình ngộ nghĩnh. ', '2021-08-12'),
(140, 29, 2,'https://pubcdn.ivymoda.com/files/product/thumab/1366/2022/07/18/3e61260098e63308beaa3316fd7836e9.JPG', 'SET ÁO 2 DÂY PHỐI BÈO XẾP TẦNG', 840000, 120000, 'Áo 2 dây vải thô, thiết kế phối bèo xếp tầng xòe rộng.', '2021-08-12'),
(141, 29, 8,'https://pubcdn.ivymoda.com/files/product/thumab/1366/2022/07/01/53b7fe9e43016ebf94764fb4b1529862.JPG', 'SET ÁO 2 DÂY PHỐI BÈO XẾP TẦNG', 840000, 120000, 'Áo 2 dây vải thô, thiết kế phối bèo xếp tầng xòe rộng.', '2021-08-12'),
(142, 29, 4,'https://pubcdn.ivymoda.com/files/product/thumab/1366/2022/07/01/046efcfacf6afc6bc9c6bb0756329c15.JPG', 'SET ÁO 2 DÂY PHỐI BÈO XẾP TẦNG', 840000, 120000, 'Áo 2 dây vải thô, thiết kế phối bèo xếp tầng xòe rộng.', '2021-08-12'),
(143, 30, 4, 'https://pubcdn.ivymoda.com/files/product/thumab/1366/2020/12/28/59fce53517e526c5619c792e79cfecad.JPG', 'ĐẦM THUN XÒE ROYAL', 220000, 20000, 'Đầm xòe cổ mũ có dây khóa kéo. Tay đầm dài bo gấu. Tùng váy xếp nếp tạo xòe.', '2021-08-12'),
(144, 30, 11, 'https://pubcdn.ivymoda.com/files/product/thumab/1366/2020/12/28/b2e0cfe5866e6926056f6c168ef36196.JPG', 'ĐẦM THUN XÒE ROYAL', 220000, 20000, 'Đầm xòe cổ mũ có dây khóa kéo. Tay đầm dài bo gấu. Tùng váy xếp nếp tạo xòe.', '2021-08-12'),
(145, 30, 6, 'https://pubcdn.ivymoda.com/files/product/thumab/1366/2020/12/28/b69c0ea299d3d1ff333d877558885f92.JPG', 'ĐẦM THUN XÒE ROYAL', 220000, 20000, 'Đầm xòe cổ mũ có dây khóa kéo. Tay đầm dài bo gấu. Tùng váy xếp nếp tạo xòe.', '2021-08-12'),
(146, 30, 8, 'https://pubcdn.ivymoda.com/files/product/thumab/1366/2020/12/28/7a9c0b22bc312b64509960a8aadaa60e.JPG', 'ĐẦM THUN XÒE ROYAL', 220000, 20000, 'Đầm xòe cổ mũ có dây khóa kéo. Tay đầm dài bo gấu. Tùng váy xếp nếp tạo xòe.', '2021-08-12'),
(147, 30, 2, 'https://pubcdn.ivymoda.com/files/product/thumab/1366/2020/12/28/9aa154aad51c57d9a1ecdd26eaba0826.JPG', 'ĐẦM THUN XÒE ROYAL', 220000, 20000, 'Đầm xòe cổ mũ có dây khóa kéo. Tay đầm dài bo gấu. Tùng váy xếp nếp tạo xòe.', '2021-08-12'),
(148, 31, 2, 'https://pubcdn.ivymoda.com/files/product/thumab/1366/2021/02/26/f1154df9f76f35c447eb503b9c05bd91.jpg', 'MŨ LEN BÉ GÁI', 99500, 500, 'Mũ len trẻ em được dệt từ chất vải len mềm mại, với kiểu dáng thời trang, là một trong những phụ kiện được nhiều mẹ sắm cho bé.', '2021-08-12'),
(149, 31, 5, 'https://pubcdn.ivymoda.com/files/product/thumab/1366/2021/02/26/29bed8ce41a6cc14fd63b89ea5b7a01a.jpg', 'MŨ LEN BÉ GÁI', 99500, 500, 'Mũ len trẻ em được dệt từ chất vải len mềm mại, với kiểu dáng thời trang, là một trong những phụ kiện được nhiều mẹ sắm cho bé.', '2021-08-12'),
(150, 31, 1, 'https://pubcdn.ivymoda.com/files/product/thumab/1366/2021/02/26/e98f1d5097396241337956ddfcfd3fac.jpg', 'MŨ LEN BÉ GÁI', 99500, 500, 'Mũ len trẻ em được dệt từ chất vải len mềm mại, với kiểu dáng thời trang, là một trong những phụ kiện được nhiều mẹ sắm cho bé.', '2021-08-12'),
(151, 31, 4, 'https://pubcdn.ivymoda.com/files/product/thumab/1366/2021/05/17/394516ecc0c3ffb3161572a089ab29cc.jpg', 'BALO BÉ GÁI ĐÍNH HOA', 336000, 36000, 'Balo da PU từ IVY moda. May chỉ nổi tạo điểm nhấn. Hai dây đeo phía sau có thể điều chỉnh được, có quai móc phía trên. ', '2021-08-12'),
(152, 31, 10, 'https://pubcdn.ivymoda.com/files/product/thumab/1366/2021/05/17/d0b57b3af8091d25046fa6add9944a9b.jpg', 'BALO BÉ GÁI ĐÍNH HOA', 336000, 36000, 'Balo da PU từ IVY moda. May chỉ nổi tạo điểm nhấn. Hai dây đeo phía sau có thể điều chỉnh được, có quai móc phía trên. ', '2021-08-12'),
(153, 32, 7, 'https://pubcdn.ivymoda.com/files/product/thumab/1366/2023/04/05/a3e5256f27af6a6eb6e2b3d4d877402a.jpg', 'ÁO THUN BÉ TRAI NGẮN TAY', 349000, 19000, 'Áo thun được làm từ chất liệu thấm hút, không gây kích ứng cho da bé, giúp bé luôn cảm thấy thoải mái và khô ráo suốt cả ngày.', '2021-08-12'),
(154, 32, 11, 'https://pubcdn.ivymoda.com/files/product/thumab/1366/2023/04/05/672035b96263c4846059d458f591a671.jpg', 'ÁO THUN BÉ TRAI NGẮN TAY', 349000, 19000, 'Áo thun được làm từ chất liệu thấm hút, không gây kích ứng cho da bé, giúp bé luôn cảm thấy thoải mái và khô ráo suốt cả ngày.', '2021-08-12'),
(155, 32, 1, 'https://pubcdn.ivymoda.com/files/product/thumab/1366/2023/04/05/ae22e6834aeb939dea4cc4cd5794a43b.jpg', 'ÁO THUN BÉ TRAI NGẮN TAY', 349000, 19000, 'Áo thun được làm từ chất liệu thấm hút, không gây kích ứng cho da bé, giúp bé luôn cảm thấy thoải mái và khô ráo suốt cả ngày.', '2021-08-12'),
(156, 32 ,2, 'https://pubcdn.ivymoda.com/files/product/thumab/1366/2022/04/20/f691b4d21b46e0a7dbac181fc89a952d.JPG', 'SET THUN COOL DUDE', 629000, 190000, 'Set thun bao gồm áo và quần ngắn tay. Chất liệu thun mềm mại thấm hút mồ hôi tốt.', '2021-08-12'),
(157, 32 ,10, 'https://pubcdn.ivymoda.com/files/product/thumab/1366/2022/04/20/b08beb5eb3c07b7ca21ca4724c1ce3b8.JPG', 'SET THUN COOL DUDE', 629000, 190000, 'Set thun bao gồm áo và quần ngắn tay. Chất liệu thun mềm mại thấm hút mồ hôi tốt.', '2021-08-12'),
(158, 32 ,3, 'https://pubcdn.ivymoda.com/files/product/thumab/1366/2022/04/20/4ae40b8484fda080dddb2e41e8d073e9.JPG', 'SET THUN COOL DUDE', 629000, 190000, 'Set thun bao gồm áo và quần ngắn tay. Chất liệu thun mềm mại thấm hút mồ hôi tốt.', '2021-08-12'),
(159, 32 ,7, 'https://pubcdn.ivymoda.com/files/product/thumab/1366/2022/04/20/460c982411cdd0ba8b796ea1687290f0.JPG', 'SET THUN COOL DUDE', 629000, 190000, 'Set thun bao gồm áo và quần ngắn tay. Chất liệu thun mềm mại thấm hút mồ hôi tốt.', '2021-08-12'),
(160, 33 ,2, 'https://pubcdn.ivymoda.com/files/product/thumab/1366/2022/04/20/f691b4d21b46e0a7dbac181fc89a952d.JPG', 'SET THUN COOL DUDE', 629000, 190000, 'Set thun bao gồm áo và quần ngắn tay. Chất liệu thun mềm mại thấm hút mồ hôi tốt.', '2021-08-12'),
(161, 33 ,10, 'https://pubcdn.ivymoda.com/files/product/thumab/1366/2022/04/20/b08beb5eb3c07b7ca21ca4724c1ce3b8.JPG', 'SET THUN COOL DUDE', 629000, 190000, 'Set thun bao gồm áo và quần ngắn tay. Chất liệu thun mềm mại thấm hút mồ hôi tốt.', '2021-08-12'),
(162, 33 ,3, 'https://pubcdn.ivymoda.com/files/product/thumab/1366/2022/04/20/4ae40b8484fda080dddb2e41e8d073e9.JPG', 'SET THUN COOL DUDE', 629000, 190000, 'Set thun bao gồm áo và quần ngắn tay. Chất liệu thun mềm mại thấm hút mồ hôi tốt.', '2021-08-12'),
(163, 33 ,7, 'https://pubcdn.ivymoda.com/files/product/thumab/1366/2022/04/20/460c982411cdd0ba8b796ea1687290f0.JPG', 'SET THUN COOL DUDE', 629000, 190000, 'Set thun bao gồm áo và quần ngắn tay. Chất liệu thun mềm mại thấm hút mồ hôi tốt.', '2021-08-12'),
(164, 33, 4, 'https://pubcdn.ivymoda.com/files/product/thumab/1366/2023/04/05/ce34d2993b11de60a2b767c4777d7b73.jpg', 'QUẦN SOOC KAKI BÉ TRAI', 599000, 190000, 'Với độ dài ngang đùi, quần sooc kaki sẽ giúp bé trai thoải mái vận động và tránh bị nóng trong những ngày nắng nóng.', '2021-08-12'),
(165, 33, 5, 'https://pubcdn.ivymoda.com/files/product/thumab/1366/2023/04/05/ed268b2946c9e096019e860c3a1f6ed9.jpg', 'QUẦN SOOC KAKI BÉ TRAI', 599000, 190000, 'Với độ dài ngang đùi, quần sooc kaki sẽ giúp bé trai thoải mái vận động và tránh bị nóng trong những ngày nắng nóng.', '2021-08-12'),
(166, 33, 9, 'https://pubcdn.ivymoda.com/files/product/thumab/1366/2023/04/05/c51bed4e0f5501e688ba67041f44ff40.jpg', 'QUẦN SOOC KAKI BÉ TRAI', 599000, 190000, 'Với độ dài ngang đùi, quần sooc kaki sẽ giúp bé trai thoải mái vận động và tránh bị nóng trong những ngày nắng nóng.', '2021-08-12'),
(167, 34, 4, 'https://pubcdn.ivymoda.com/files/product/thumab/1366/2021/09/27/ff9a166ca9e389a25a917a46b2f5d6ce.JPG', 'GIÀY THỂ THAO CÁ TÍNH BÉ TRAI', 445000, 20000, 'Giày thể thao cho bé trai được phối màu cá tính thích hợp cho con diện nhiều kiểu quần áo thời trang khác nhau theo phong cách năng động, khỏe khoắn.', '2021-08-12'),
(168, 34, 9, 'https://pubcdn.ivymoda.com/files/product/thumab/1366/2021/09/27/021ce5acd178d8f1f0a16b7bb915b053.JPG', 'GIÀY THỂ THAO CÁ TÍNH BÉ TRAI', 445000, 20000, 'Giày thể thao cho bé trai được phối màu cá tính thích hợp cho con diện nhiều kiểu quần áo thời trang khác nhau theo phong cách năng động, khỏe khoắn.', '2021-08-12');

CREATE TABLE ProductImage (
  idSanPham INT NOT NULL ,
  img NVARCHAR(2000) NOT NULL,
  CONSTRAINT FK_ProductImage_Product FOREIGN KEY (idSanPham) REFERENCES SanPham(idSanPham)
);
INSERT INTO ProductImage(idSanPham, img) VALUES
(1, 'https://pubcdn.ivymoda.com/files/product/thumab/1366/2022/08/01/163199bc2732f7b5e08229eb1367336a.jpg'),
(1, 'https://pubcdn.ivymoda.com/files/product/thumab/1366/2022/08/01/52afea65c30d77c662352ddfa23f874e.jpg'),
(1, 'https://pubcdn.ivymoda.com/files/product/thumab/1366/2022/08/01/52afea65c30d77c662352ddfa23f874e.jpg'),
(1, 'https://pubcdn.ivymoda.com/files/product/thumab/1366/2022/08/01/60d7bf32c545ed8cbe755d79fbb0c806.jpg'),
(2, 'https://pubcdn.ivymoda.com/files/product/thumab/1366/2022/08/01/d825cab89dae2a88dc8b681e4b3b5ec2.jpg'),
(2, 'https://pubcdn.ivymoda.com/files/product/thumab/1366/2022/08/01/69ddae4163640f7806dc298bf56f4a8b.jpg'),
(2, 'https://pubcdn.ivymoda.com/files/product/thumab/1366/2022/08/01/817984bce590ed450a3332a537406f99.jpg'),
(2, 'https://pubcdn.ivymoda.com/files/product/thumab/1366/2022/08/01/96f8a15b63179938b017f935742b2ec8.jpg'),
(3, 'https://pubcdn.ivymoda.com/files/product/thumab/1366/2023/04/03/0f6ac7b879d2ff527cda2cad77386106.jpg'),
(3, 'https://pubcdn.ivymoda.com/files/product/thumab/1366/2023/04/03/cde1337ee7bfb524f4d50e36f29b9432.jpg'),
(3, 'https://pubcdn.ivymoda.com/files/product/thumab/1366/2023/04/03/cde1337ee7bfb524f4d50e36f29b9432.jpg'),
(3, 'https://pubcdn.ivymoda.com/files/product/thumab/1366/2023/04/03/ddccb74be771d6322121b37fb1e2fe73.jpg'),
(4, 'https://pubcdn.ivymoda.com/files/product/thumab/1366/2023/04/03/ea7124b34135b6be4e9efb000bf5e4b6.jpg'),
(4, 'https://pubcdn.ivymoda.com/files/product/thumab/1366/2023/04/03/750a902c84b59150ad5731690046588d.jpg'),
(4, 'https://pubcdn.ivymoda.com/files/product/thumab/1366/2023/04/03/897729eb759d18d4187d993e56f55c8d.jpg'),
(4, 'https://pubcdn.ivymoda.com/files/product/thumab/1366/2023/04/03/1f2f0c2106251339497f6f144c2928e1.jpg'),
(5, 'https://pubcdn.ivymoda.com/files/product/thumab/1366/2023/04/03/3be53efa966b9d7761bccf60d029369b.jpg'),
(5, 'https://pubcdn.ivymoda.com/files/product/thumab/1366/2023/04/03/09c34ccc8754f937233800f2d143a5aa.jpg'),
(5, 'https://pubcdn.ivymoda.com/files/product/thumab/1366/2023/04/03/88f7477abfee871d9e0b06518d849db0.jpg'),
(5, 'https://pubcdn.ivymoda.com/files/product/thumab/1366/2023/04/03/9d05fd41f48cbaa80033a11e462ae793.jpg'),
(6, 'https://pubcdn.ivymoda.com/files/product/thumab/1366/2023/04/12/81c1dc4b911dd49f11c62171db2ff945.jpg'),
(6, 'https://pubcdn.ivymoda.com/files/product/thumab/1366/2023/04/12/7bee81a35c0a0df09f1685d0f4f76afb.jpg'),
(6, 'https://pubcdn.ivymoda.com/files/product/thumab/1366/2023/04/13/739c192d7fe6d4efdbe00252667e8e8d.jpg'),
(6, 'https://pubcdn.ivymoda.com/files/product/thumab/1366/2023/04/12/81c1dc4b911dd49f11c62171db2ff945.jpg'),
(8, 'https://pubcdn.ivymoda.com/files/product/thumab/1366/2023/03/20/2db30f148c22f31764557aa3d513f506.jpg'),
(8, 'https://pubcdn.ivymoda.com/files/product/thumab/1366/2023/03/20/371e882f5333de4765b96874020047de.jpg'),
(8, 'https://pubcdn.ivymoda.com/files/product/thumab/1366/2023/03/20/d96b8f568232012701c79ef5580cf645.jpg'),
(8, 'https://pubcdn.ivymoda.com/files/product/thumab/1366/2023/03/20/44b4fa8e03ba3debe641dee2f5d1a3d6.jpg'),
(7, 'https://pubcdn.ivymoda.com/files/product/thumab/1366/2023/03/20/9420bcd3f524e9215ddec49621e86128.jpg'),
(7, 'https://pubcdn.ivymoda.com/files/product/thumab/1366/2023/03/20/bcb6ac4c5f5ab2c1f12faddec29fa8a4.jpg'),
(7, 'https://pubcdn.ivymoda.com/files/product/thumab/1366/2023/03/20/1ed37633165146716bf9def65f349e4f.jpg'),
(7, 'https://pubcdn.ivymoda.com/files/product/thumab/1366/2023/03/20/aa003c29cf3e601083109bffb70fb568.jpg'),
(9, 'https://pubcdn.ivymoda.com/files/product/thumab/1366/2023/03/20/0908b78976ae8f6f842f3067b6b22e67.jpg'),
(9, 'https://pubcdn.ivymoda.com/files/product/thumab/1366/2023/03/20/234fb31ed90ce274b40803c806cb4ccb.jpg'),
(9, 'https://pubcdn.ivymoda.com/files/product/thumab/1366/2023/03/20/ead4b63b8d4f3b1738b6e776c3091559.jpg'),
(9, 'https://pubcdn.ivymoda.com/files/product/thumab/1366/2023/03/20/b07c9c77e1a5598657e9885f10bc464d.jpg'),
(10, 'https://pubcdn.ivymoda.com/files/product/thumab/1366/2023/03/24/98cc6e6c2c88f5e43760103411050089.jpg'),
(10, 'https://pubcdn.ivymoda.com/files/product/thumab/1366/2023/03/20/8b0be57a568a9bf4bd1f192f72db79dc.jpg'),
(10, 'https://pubcdn.ivymoda.com/files/product/thumab/1366/2023/03/20/e24c7c79467d898c4347a9efeb18d7c4.jpg'),
(10, 'https://pubcdn.ivymoda.com/files/product/thumab/1366/2023/03/20/d76b1ae360f0d8e8819249782fd3f25b.jpg'),
(11, 'https://pubcdn.ivymoda.com/files/product/thumab/1366/2022/08/01/fc83bb442e2ae5e6672b90b917a5d1b7.jpg'),
(11, 'https://pubcdn.ivymoda.com/files/product/thumab/1366/2022/08/01/061a126a9744b7c0cdd0b8db81f2d83e.jpg'),
(11, 'https://pubcdn.ivymoda.com/files/product/thumab/1366/2022/08/01/5fa479210525774ddec13abbad33ec4c.jpg'),
(11, 'https://pubcdn.ivymoda.com/files/product/thumab/1366/2022/08/01/9e1b5a1f2c7097f47f75762c3cb01a5e.jpg'),
(12, 'https://pubcdn.ivymoda.com/files/product/thumab/1366/2022/08/01/fdf7cba059f758a2c76292d206fa3999.jpg'),
(12, 'https://pubcdn.ivymoda.com/files/product/thumab/1366/2022/08/01/a63f7d2dae9e2d2b2f62ffe360e10c57.jpg'),
(12, 'https://pubcdn.ivymoda.com/files/product/thumab/1366/2022/08/01/26cd7102bd3545ab51ad7774ed714048.jpg'),
(12, 'https://pubcdn.ivymoda.com/files/product/thumab/1366/2022/08/01/afac97b06927708c915de3ed0eb93eeb.jpg'),
(13, 'https://pubcdn.ivymoda.com/files/product/thumab/1366/2022/07/22/0685199ea947a349b9310bf6bbd30a29.JPG'),
(13, 'https://pubcdn.ivymoda.com/files/product/thumab/1366/2022/07/22/16d312a040c007ccc4e5c3bc1f2fc5f0.JPG'),
(13, 'https://pubcdn.ivymoda.com/files/product/thumab/1366/2022/07/22/d8a592cdbaf4cf3867653a822dc331ac.JPG'),
(13, 'https://pubcdn.ivymoda.com/files/product/thumab/1366/2022/07/22/85aec2baa0fe62c767b4813ee74e3623.JPG'),
(14, 'https://pubcdn.ivymoda.com/files/product/thumab/1366/2022/07/14/19ec266ec2513c1e538e0fd4454b9991.jpg'),
(14, 'https://pubcdn.ivymoda.com/files/product/thumab/1366/2022/07/14/da040e1cdb4fbde863fce717fb082ed3.jpg'),
(14, 'https://pubcdn.ivymoda.com/files/product/thumab/1366/2022/07/14/bc830185e19b218fc09cb965a82822a2.jpg'),
(14, 'https://pubcdn.ivymoda.com/files/product/thumab/1366/2022/07/14/524b0630f377abbd417f21f98312b9e0.jpg'),
(15, 'https://pubcdn.ivymoda.com/files/product/thumab/1366/2022/07/14/2b01a405222bae98509a483c95715611.jpg'),
(15, 'https://pubcdn.ivymoda.com/files/product/thumab/1366/2022/07/14/9b5c3e906fc3d824af0d2db965826d94.jpg'),
(15, 'https://pubcdn.ivymoda.com/files/product/thumab/1366/2022/07/14/0052107e82c1d52bb15a7734c54cfa3f.jpg'),
(15, 'https://pubcdn.ivymoda.com/files/product/thumab/1366/2022/07/14/920cec6bc067ac1d1f7bb5902ae0db2a.jpg'),
(16, 'https://pubcdn.ivymoda.com/files/product/thumab/1366/2022/07/14/0ccb187d1548d8cd0756065234f4d6a0.jpg'),
(16, 'https://pubcdn.ivymoda.com/files/product/thumab/1366/2022/07/14/2f83683a6a1661e807a52210d608b41d.jpg'),
(16, 'https://pubcdn.ivymoda.com/files/product/thumab/1366/2022/07/14/569b5825ef59f6d3c8990f8f88bc9d6c.jpg'),
(16, 'https://pubcdn.ivymoda.com/files/product/thumab/1366/2022/07/14/0ab9f52d10c76f9bf701c1f631fe723c.jpg'),
(17, 'https://pubcdn.ivymoda.com/files/product/thumab/1366/2022/07/08/c68bbd1bdf12fbcae4c2871913e3b23a.JPG'),
(17, 'https://pubcdn.ivymoda.com/files/product/thumab/1366/2022/07/08/476cb65ae9dbbd060f892eeb21e6d980.JPG'),
(17, 'https://pubcdn.ivymoda.com/files/product/thumab/1366/2022/07/08/3b62d612f18cc19fca870a2f2afa50db.JPG'),
(17, 'https://pubcdn.ivymoda.com/files/product/thumab/1366/2022/07/08/704559fb7537974750539cf9df0c4444.JPG'),
(18, 'https://pubcdn.ivymoda.com/files/product/thumab/1366/2022/07/08/ca0c82c3de7bd3bd971c7983b24815a6.JPG'),
(18, 'https://pubcdn.ivymoda.com/files/product/thumab/1366/2022/07/08/f89c3113daea0f17677886c07dbf5822.JPG'),
(18, 'https://pubcdn.ivymoda.com/files/product/thumab/1366/2022/07/08/13f71a45b880e8a9e9ef0c7f8edac606.JPG'),
(18, 'https://pubcdn.ivymoda.com/files/product/thumab/1366/2022/07/08/81e22f5f37df76bafee430990d7f4e65.JPG'),
(19, 'https://pubcdn.ivymoda.com/files/product/thumab/1366/2023/03/21/cf9079d41634b2980ac990410983fd64.jpg'),
(19, 'https://pubcdn.ivymoda.com/files/product/thumab/1366/2023/03/21/5043eaa9fe72c0e732135839b0b2ad25.jpg'),
(19, 'https://pubcdn.ivymoda.com/files/product/thumab/1366/2023/03/21/438eb86720d8cc97a8f39644fdebf9d0.jpg'),
(19, 'https://pubcdn.ivymoda.com/files/product/thumab/1366/2023/03/21/89c1ce2dc80ccb48936546557f6c7a53.jpg'),
(20, 'https://pubcdn.ivymoda.com/files/product/thumab/1366/2023/03/20/b660194de87532c8e7f9756b2fdb5b68.jpg'),
(20, 'https://pubcdn.ivymoda.com/files/product/thumab/1366/2023/03/20/c04817f9f9591e6519a01e8a0624e3cf.jpg'),
(20, 'https://pubcdn.ivymoda.com/files/product/thumab/1366/2023/03/20/19461257b3e08f818cb8b3dbfbe9e893.jpg'),
(20, 'https://pubcdn.ivymoda.com/files/product/thumab/1366/2023/03/20/77b18de2eb011e5610c6c9781b1e9c18.jpg'),
(21, 'https://pubcdn.ivymoda.com/files/product/thumab/1366/2022/11/29/841b715617ed915e8da9f06a4cf07ad1.jpg'),
(21, 'https://pubcdn.ivymoda.com/files/product/thumab/1366/2022/11/29/cf7104ef7eade90edf009019983093ca.jpg'),
(21, 'https://pubcdn.ivymoda.com/files/product/thumab/1366/2022/11/29/c070b13a18f058df48ba3255385beb81.jpg'),
(21, 'https://pubcdn.ivymoda.com/files/product/thumab/1366/2022/11/29/b13946eb0ce7e5a7ce6d5c5f47420740.jpg'),
(22, 'https://pubcdn.ivymoda.com/files/product/thumab/1366/2022/11/29/20c020a0c645ee69946fa3eb1135269f.jpg'),
(22, 'https://pubcdn.ivymoda.com/files/product/thumab/1366/2022/11/29/8ae16708e339bf96c8f450d3dd6365f9.jpg'),
(22, 'https://pubcdn.ivymoda.com/files/product/thumab/1366/2022/11/29/41095c143707351e74a6002e26b63a8e.jpg'),
(22, 'https://pubcdn.ivymoda.com/files/product/thumab/1366/2022/11/29/df776d70a33b51dd500bf346ec3270a3.jpg'),
(23, 'https://pubcdn.ivymoda.com/files/product/thumab/1366/2022/08/01/d825cab89dae2a88dc8b681e4b3b5ec2.jpg'),
(23, 'https://pubcdn.ivymoda.com/files/product/thumab/1366/2022/08/01/69ddae4163640f7806dc298bf56f4a8b.jpg'),
(23, 'https://pubcdn.ivymoda.com/files/product/thumab/1366/2022/08/01/817984bce590ed450a3332a537406f99.jpg'),
(23, 'https://pubcdn.ivymoda.com/files/product/thumab/1366/2022/08/01/96f8a15b63179938b017f935742b2ec8.jpg'),
(24, 'https://pubcdn.ivymoda.com/files/product/thumab/1366/2022/08/01/163199bc2732f7b5e08229eb1367336a.jpg'),
(24, 'https://pubcdn.ivymoda.com/files/product/thumab/1366/2022/08/01/52afea65c30d77c662352ddfa23f874e.jpg'),
(24, 'https://pubcdn.ivymoda.com/files/product/thumab/1366/2022/08/01/b7445e8fa44db8305f893f6b9ff02dc4.jpg'),
(24, 'https://pubcdn.ivymoda.com/files/product/thumab/1366/2022/08/01/60d7bf32c545ed8cbe755d79fbb0c806.jpg'),
(25, 'https://pubcdn.ivymoda.com/files/product/thumab/1366/2021/12/16/232bb7fecf8333131bf27a586c99a2c9.JPG'),
(25, 'https://pubcdn.ivymoda.com/files/product/thumab/1366/2021/12/16/9a5e5a0caff854228d1cc005cf322ec3.JPG'),
(25, 'https://pubcdn.ivymoda.com/files/product/thumab/1366/2021/12/16/227372e7dfeffa717595f88919f0038f.JPG'),
(25, 'https://pubcdn.ivymoda.com/files/product/thumab/1366/2021/12/16/60cdd8d83275bcea7fe881eb4425c538.JPG'),
(26, 'https://pubcdn.ivymoda.com/files/product/thumab/1366/2021/12/16/d439097287241577ce7fe95d0ceaf2fa.JPG'),
(26, 'https://pubcdn.ivymoda.com/files/product/thumab/1366/2021/12/16/2a4ee8ee3fb150800b31a099220e9a58.JPG'),
(26, 'https://pubcdn.ivymoda.com/files/product/thumab/1366/2021/12/16/c27e5b08144877537b8c8da27a9aba5c.JPG'),
(26, 'https://pubcdn.ivymoda.com/files/product/thumab/1366/2021/12/16/9b1fa5680638442f3d0fa0504d4a6dd4.JPG'),
(27, 'https://pubcdn.ivymoda.com/files/product/thumab/1366/2021/11/12/e2d755e7c787a937509595a494733234.JPG'),
(27, 'https://pubcdn.ivymoda.com/files/product/thumab/1366/2021/11/12/13f2f6cf4910ad6d6e0677b07333dcd1.JPG'),
(27, 'https://pubcdn.ivymoda.com/files/product/thumab/1366/2021/11/12/bbeb4dfec0caa0ba8147f9a9ff97badf.JPG'),
(27, 'https://pubcdn.ivymoda.com/files/product/thumab/1366/2021/11/12/6b8810b69df6f9d14a2a7363730a28f0.JPG'),
(28, 'https://pubcdn.ivymoda.com/files/product/thumab/1366/2021/11/30/ae790a217de78c4423b7211e63df6fd5.JPG'),
(28, 'https://pubcdn.ivymoda.com/files/product/thumab/1366/2021/11/30/356424ed351499eb81365b14c3bc7f10.JPG'),
(28, 'https://pubcdn.ivymoda.com/files/product/thumab/1366/2021/11/30/0732c70aec0bac0957f91f357011c8bd.JPG'),
(28, 'https://pubcdn.ivymoda.com/files/product/thumab/1366/2021/11/30/e4b8003680638fd8570ca91235a6e4a6.JPG'),
(29, 'https://pubcdn.ivymoda.com/files/product/thumab/1366/2023/01/11/78b2da0cf82b418e7aa1a5fe19aefd9f.jpg'),
(29, 'https://pubcdn.ivymoda.com/files/product/thumab/1366/2023/01/11/cdf1db9d4a8b7d479bf1d1e8517b2b9c.jpg'),
(29, 'https://pubcdn.ivymoda.com/files/product/thumab/1366/2023/01/11/a51afd6f47caf3a2c8718202f84df0ab.jpg'),
(29, 'https://pubcdn.ivymoda.com/files/product/thumab/1366/2023/01/11/7c5698bd0fd61ed81a9546d01704127b.jpg'),
(30, 'https://pubcdn.ivymoda.com/files/product/thumab/1366/2023/01/11/9eaf010bc1819247d8cd59c7785baeb4.jpg'),
(30, 'https://pubcdn.ivymoda.com/files/product/thumab/1366/2023/01/11/66c1e17e7b39d6457bb0275698ef60cd.jpg'),
(30, 'https://pubcdn.ivymoda.com/files/product/thumab/1366/2023/01/11/8ed48dd4876c3c4d9cace000859647d4.jpg'),
(30, 'https://pubcdn.ivymoda.com/files/product/thumab/1366/2023/01/11/440fbadd224722a39f1dd9d42ee8cdb9.jpg'),
(32, 'https://pubcdn.ivymoda.com/files/product/thumab/1366/2022/09/07/161f0ec532e17d03ce817c434c7d457a.jpg'),
(32, 'https://pubcdn.ivymoda.com/files/product/thumab/1366/2022/09/07/244b75c71cd4008ed9f4ccacd8921a9e.jpg'),
(32, 'https://pubcdn.ivymoda.com/files/product/thumab/1366/2022/09/07/49378c7e12d1fc654ae771b3643e3701.jpg'),
(32, 'https://pubcdn.ivymoda.com/files/product/thumab/1366/2022/09/07/49378c7e12d1fc654ae771b3643e3701.jpg'),
(33, 'https://pubcdn.ivymoda.com/files/product/thumab/1366/2022/08/19/fdc3a213e72f5921045526f8c7ead5ef.jpg'),
(33, 'https://pubcdn.ivymoda.com/files/product/thumab/1366/2022/08/19/27ee3920720eb18c667f838b0037dd58.jpg'),
(33, 'https://pubcdn.ivymoda.com/files/product/thumab/1366/2022/08/19/97127064d11883e8ce91f9535c145c7f.jpg'),
(33, 'https://pubcdn.ivymoda.com/files/product/thumab/1366/2022/08/19/6ea088087092bec00347705512950e30.jpg'),
(34, 'https://pubcdn.ivymoda.com/files/product/thumab/1366/2022/09/07/161f0ec532e17d03ce817c434c7d457a.jpg'),
(34, 'https://pubcdn.ivymoda.com/files/product/thumab/1366/2022/09/07/244b75c71cd4008ed9f4ccacd8921a9e.jpg'),
(34, 'https://pubcdn.ivymoda.com/files/product/thumab/1366/2022/09/07/49378c7e12d1fc654ae771b3643e3701.jpg'),
(34, 'https://pubcdn.ivymoda.com/files/product/thumab/1366/2022/09/07/7eedfc8f77626df15fe2997facb3bd2d.jpg'),
(31, 'https://pubcdn.ivymoda.com/files/product/thumab/1366/2021/11/05/3625ee36814ab4710c1bab70576d792b.JPG'),
(31, 'https://pubcdn.ivymoda.com/files/product/thumab/1366/2021/11/05/30fa6382b2c96b007068ad70b4c6e858.JPG'),
(31, 'https://pubcdn.ivymoda.com/files/product/thumab/1366/2021/11/05/022b7561309f78c5be039f2d2f29acda.JPG'),
(31, 'https://pubcdn.ivymoda.com/files/product/thumab/1366/2021/11/05/f460f3c3cf6929547f11a772e6272b00.JPG'),
(35, 'https://pubcdn.ivymoda.com/files/product/thumab/1366/2022/01/14/fb14a449b975c2a63aa4f43fba56f944.JPG'),
(35, 'https://pubcdn.ivymoda.com/files/product/thumab/1366/2022/01/14/1b42135db4c0aecd1fd16eab43d37cb2.JPG'),
(35, 'https://pubcdn.ivymoda.com/files/product/thumab/1366/2022/01/14/d0ac505c3a0f42e0cbfe404be9f58df9.JPG'),
(35, 'https://pubcdn.ivymoda.com/files/product/thumab/1366/2022/01/14/569e6d12a7518e3b227d21c8d82513af.JPG'),
(36, 'https://pubcdn.ivymoda.com/files/product/thumab/1366/2022/01/26/3c10809c5c7e46a836b1f5c73ff41213.JPG'),
(36, 'https://pubcdn.ivymoda.com/files/product/thumab/1366/2022/01/26/b24d029ab0dbe176cdd3be15af2022cb.JPG'),
(36, 'https://pubcdn.ivymoda.com/files/product/thumab/1366/2022/01/26/d23ec0ddf1e2234f87a336150e376d82.JPG'),
(36, 'https://pubcdn.ivymoda.com/files/product/thumab/1366/2022/01/26/0f6d0cf3df3da15fc6113f3a2f0693b4.JPG'),
(37, 'https://pubcdn.ivymoda.com/files/product/thumab/1366/2022/01/26/bd54f71ac3965c30b6cd74f23f34508b.JPG'),
(37, 'https://pubcdn.ivymoda.com/files/product/thumab/1366/2022/01/26/df4c8fe37dd3534f2f617ff4f1c4d600.JPG'),
(37, 'https://pubcdn.ivymoda.com/files/product/thumab/1366/2022/01/26/ad90878226b4b9bbc94cd50866fbda9e.JPG'),
(37, 'https://pubcdn.ivymoda.com/files/product/thumab/1366/2022/01/26/59db9b070dbf19aaf1808620b03ab618.JPG'),
(38, 'https://pubcdn.ivymoda.com/files/product/thumab/1366/2020/12/01/5d9b8d40bdcce2ebcd50e75ef4949e1f.JPG'),
(38, 'https://pubcdn.ivymoda.com/files/product/thumab/1366/2020/12/03/0aa8381caf713de305f98a352fa498e8.JPG'),
(38, 'https://pubcdn.ivymoda.com/files/product/thumab/1366/2020/12/03/3b655aafe8015fc3bb7b692a120257b6.JPG'),
(38, 'https://pubcdn.ivymoda.com/files/product/thumab/1366/2020/12/05/cb473ad211a650aceee1bdb4ecd6d72c.JPG'),
(39, 'https://pubcdn.ivymoda.com/files/product/thumab/1366/2020/12/25/6e03fecdf7d77523f1113a5a3ccf7f02.JPG'),
(39, 'https://pubcdn.ivymoda.com/files/product/thumab/1366/2020/12/25/59badccdda248044cb2232fa92bb5a56.JPG'),
(39, 'https://pubcdn.ivymoda.com/files/product/thumab/1366/2020/12/25/ab1495c37ae2e488d32d07e3cefd88d9.JPG'),
(39, 'https://pubcdn.ivymoda.com/files/product/thumab/1366/2020/12/25/f2d57de4a610f6a3b5a9e48e41aaeb50.JPG'),
(40, 'https://pubcdn.ivymoda.com/files/product/thumab/1366/2020/12/03/f9e1367a4e81b448e3645503d70f19c5.JPG'),
(40, 'https://pubcdn.ivymoda.com/files/product/thumab/1366/2020/12/01/75b1b29e8f2c8c79173389f990bc815b.JPG'),
(40, 'https://pubcdn.ivymoda.com/files/product/thumab/1366/2020/12/03/437b0e94021c7a479026a4bdf68ba8eb.JPG'),
(40, 'https://pubcdn.ivymoda.com/files/product/thumab/1366/2020/12/03/26875e3b5cf71552c7f6291a4662f7ac.JPG'),
(41, 'https://pubcdn.ivymoda.com/files/product/thumab/1366/2022/01/20/e0215410e7db70cc1339d3a15eb5945e.JPG'),
(41, 'https://pubcdn.ivymoda.com/files/product/thumab/1366/2022/01/20/f241d78ccdadbc6e30b55c627b0f07a1.JPG'),
(41, 'https://pubcdn.ivymoda.com/files/product/thumab/1366/2022/01/20/010479307654a8c89597c95fa780bccc.JPG'),
(41, 'https://pubcdn.ivymoda.com/files/product/thumab/1366/2022/01/20/0287447e586382d5efa59d11afe72ab7.JPG'),
(42, 'https://pubcdn.ivymoda.com/files/product/thumab/1366/2022/01/20/75560cd18141b85670ccb4c415f94cec.JPG'),
(42, 'https://pubcdn.ivymoda.com/files/product/thumab/1366/2022/01/20/6641e0ef44c0e24aedba58981a0bb8b7.JPG'),
(42, 'https://pubcdn.ivymoda.com/files/product/thumab/1366/2022/01/20/b2a7681dddb2c0c71bc0dd06a446f51b.JPG'),
(42, 'https://pubcdn.ivymoda.com/files/product/thumab/1366/2022/01/20/85db68fd0ef96f042c92dcfd15762fbe.JPG'),
(43, 'https://pubcdn.ivymoda.com/files/product/thumab/1366/2022/01/20/0d378ac39c09edcff36fc3f240990ef1.JPG'),
(43, 'https://pubcdn.ivymoda.com/files/product/thumab/1366/2022/01/20/dd17c3511cb132af5b6219026ecd6ab9.JPG'),
(43, 'https://pubcdn.ivymoda.com/files/product/thumab/1366/2022/01/20/86f4e61781f4e82bad54f3636d1e4124.JPG'),
(43, 'https://pubcdn.ivymoda.com/files/product/thumab/1366/2022/01/20/ab19d89ea8ca6d5938c50da953da2598.JPG'),
(44, 'https://pubcdn.ivymoda.com/files/product/thumab/1366/2021/12/02/af658c574760b114ff1a124287243dd5.JPG'),
(44, 'https://pubcdn.ivymoda.com/files/product/thumab/1366/2021/12/02/29ea2e87c3bc0597115ee0bc2d561ce4.JPG'),
(44, 'https://pubcdn.ivymoda.com/files/product/thumab/1366/2021/12/02/501efe15791bbe593b328e3f54950f6d.JPG'),
(44, 'https://pubcdn.ivymoda.com/files/product/thumab/1366/2021/12/02/1d248ae8844204f60f00727e05b21288.JPG'),
(45, 'https://pubcdn.ivymoda.com/files/product/thumab/1366/2019/11/06/8ca815d2c660484b37057e47cb86cdf4.jpg'),
(45, 'https://pubcdn.ivymoda.com/files/product/thumab/1366/2019/11/06/49cc5de8a6521be9b02d7c79cf16a710.jpg'),
(45, 'https://pubcdn.ivymoda.com/files/product/thumab/1366/2019/11/06/a503a34ff7c51e2e181fcb72ea9c67a8.jpg'),
(45, 'https://pubcdn.ivymoda.com/files/product/thumab/1366/2019/11/06/c974b9dee857f89811a99793f034bd90.jpg'),
(46, 'https://pubcdn.ivymoda.com/files/product/thumab/1366/2022/04/18/49f471e040d6f921efc3025bdd8276c1.JPG'),
(46, 'https://pubcdn.ivymoda.com/files/product/thumab/1366/2022/04/18/6049d30d109bd06710d781eb447d45b1.JPG'),
(46, 'https://pubcdn.ivymoda.com/files/product/thumab/1366/2022/04/18/b671c7526a0cdd5dce9a787f109b517d.JPG'),
(46, 'https://pubcdn.ivymoda.com/files/product/thumab/1366/2022/04/18/7befbb85533c23a857532fcbfadf9275.JPG'),
(47, 'https://pubcdn.ivymoda.com/files/product/thumab/1366/2021/12/31/d788d3a0c4e6b83273f069bb010f4021.JPG'),
(47, 'https://pubcdn.ivymoda.com/files/product/thumab/1366/2021/12/31/37a802d9d6206fc7f886eb1db69f48ac.JPG'),
(47, 'https://pubcdn.ivymoda.com/files/product/thumab/1366/2021/12/31/519e077ee9428911cff1f9502eb8223c.JPG'),
(47, 'https://pubcdn.ivymoda.com/files/product/thumab/1366/2021/12/31/e2dbfceae8f66526bb402ef639de9adc.JPG'),
(48, 'https://pubcdn.ivymoda.com/files/product/thumab/1366/2022/01/11/4e780d3747098397e39879bceb572303.JPG'),
(48, 'https://pubcdn.ivymoda.com/files/product/thumab/1366/2022/01/11/25d3dd3024a7a0471bbbdf9455280027.JPG'),
(48, 'https://pubcdn.ivymoda.com/files/product/thumab/1366/2022/01/11/0354a26ef9d9d2e2a60d7d5ff3f3d52d.JPG'),
(48, 'https://pubcdn.ivymoda.com/files/product/thumab/1366/2022/01/11/88518bb09e9f33cbca319b566fa7198f.JPG'),
(49, 'https://pubcdn.ivymoda.com/files/product/thumab/1366/2022/01/05/ee0bbd5b0236c5950fdf835be3fa8bdc.JPG'),
(49, 'https://pubcdn.ivymoda.com/files/product/thumab/1366/2022/01/05/e23be146d3154da7f2f9619da12388a4.JPG'),
(49, 'https://pubcdn.ivymoda.com/files/product/thumab/1366/2022/01/05/09fb6af9b709ce366bba42904f98ead6.JPG'),
(49, 'https://pubcdn.ivymoda.com/files/product/thumab/1366/2022/01/05/cd3df9670b2c288f38ea5354476f03b8.JPG'),
(50, 'https://pubcdn.ivymoda.com/files/product/thumab/1366/2022/01/05/52e86758fdfbf8b70d1b58d05671aef3.JPG'),
(50, 'https://pubcdn.ivymoda.com/files/product/thumab/1366/2022/01/05/b98bc43bffddd112780f17a568752c6e.JPG'),
(50, 'https://pubcdn.ivymoda.com/files/product/thumab/1366/2022/01/05/814518c8da95b32e3f47ab56d006f6aa.JPG'),
(50, 'https://pubcdn.ivymoda.com/files/product/thumab/1366/2022/01/05/0332b4b206819c0b57204514f76911f3.JPG'),
(51, 'https://pubcdn.ivymoda.com/files/product/thumab/1366/2022/01/05/7abde73427da5f9ef5949dd65ffee104.JPG'),
(51, 'https://pubcdn.ivymoda.com/files/product/thumab/1366/2022/01/05/4aaa391995c9f9ecba0862fed73677b1.JPG'),
(51, 'https://pubcdn.ivymoda.com/files/product/thumab/1366/2022/01/05/01365188c31c165ae1656c183bb7a65f.JPG'),
(51, 'https://pubcdn.ivymoda.com/files/product/thumab/1366/2022/01/05/70d863ea51d734315ba1c6e4384fed50.JPG'),
(52, 'https://pubcdn.ivymoda.com/files/product/thumab/1366/2023/03/20/719ee9b97db4b23044976c89738efa8d.jpg'),
(52, 'https://pubcdn.ivymoda.com/files/product/thumab/1366/2023/03/20/a91eba750bc5ad1da74236f39448930b.jpg'),
(52, 'https://pubcdn.ivymoda.com/files/product/thumab/1366/2023/03/21/bc65472fb684f6080edcfeb6f3032291.jpg'),
(52, 'https://pubcdn.ivymoda.com/files/product/thumab/1366/2023/03/21/73e7482ed25b1be2c49a2410d48835d8.jpg'),
(53, 'https://pubcdn.ivymoda.com/files/product/thumab/1366/2023/03/21/1ac00b418542022023a0af465c61fada.jpg'),
(53, 'https://pubcdn.ivymoda.com/files/product/thumab/1366/2023/03/21/fd059538dc90940418c4d0f6dde8c0e3.jpg'),
(53, 'https://pubcdn.ivymoda.com/files/product/thumab/1366/2023/03/20/549dc6147acb6a8e3973138ae2164a15.jpg'),
(53, 'https://pubcdn.ivymoda.com/files/product/thumab/1366/2023/03/21/c602e4ee181b9db7321d41c3e7f44602.jpg'),
(54, 'https://pubcdn.ivymoda.com/files/product/thumab/1366/2022/10/14/e876bf99a5a9d16878f1f1319e50a02a.jpeg'),
(54, 'https://pubcdn.ivymoda.com/files/product/thumab/1366/2022/10/14/e876bf99a5a9d16878f1f1319e50a02a.jpeg'),
(54, 'https://pubcdn.ivymoda.com/files/product/thumab/1366/2022/10/14/e876bf99a5a9d16878f1f1319e50a02a.jpeg'),
(54, 'https://pubcdn.ivymoda.com/files/product/thumab/1366/2022/10/14/e876bf99a5a9d16878f1f1319e50a02a.jpeg'),
(55, 'https://pubcdn.ivymoda.com/files/product/thumab/1366/2022/10/18/36d10a111f59c198ab65fe0f75cbe4f1.jpg'),
(55, 'https://pubcdn.ivymoda.com/files/product/thumab/1366/2022/10/18/36d10a111f59c198ab65fe0f75cbe4f1.jpg'),
(55, 'https://pubcdn.ivymoda.com/files/product/thumab/1366/2022/10/18/36d10a111f59c198ab65fe0f75cbe4f1.jpg'),
(55, 'https://pubcdn.ivymoda.com/files/product/thumab/1366/2022/10/18/36d10a111f59c198ab65fe0f75cbe4f1.jpg'),
(56, 'https://pubcdn.ivymoda.com/files/product/thumab/1366/2023/03/07/884ad88d4e3cbeb461d23ca17a854a80.jpg'),
(56, 'https://pubcdn.ivymoda.com/files/product/thumab/1366/2023/03/27/7d53db1f4f287ffeb1e1879a5449d5fc.JPG'),
(56, 'https://pubcdn.ivymoda.com/files/product/thumab/1366/2023/02/13/df2c00c458e53a5ced5c0b857692f73a.jpg'),
(56, 'https://pubcdn.ivymoda.com/files/product/thumab/1366/2023/02/13/f5834e8c8cbe79eab3ed95ba698672e2.jpg'),
(57, 'https://pubcdn.ivymoda.com/files/product/thumab/1366/2023/02/13/d34321eea15a7a07e48748e8973fb6dc.jpg'),
(57, 'https://pubcdn.ivymoda.com/files/product/thumab/1366/2023/02/13/ddf37ef9a3e9fe06ce51a2d924087baf.jpg'),
(57, 'https://pubcdn.ivymoda.com/files/product/thumab/1366/2023/02/13/ace4dfcebe9187a633b8e0bec0fa0c85.jpg'),
(57, 'https://pubcdn.ivymoda.com/files/product/thumab/1366/2023/02/13/0b54eee97785db941c9ef1895f0800f2.jpg'),
(58, 'https://pubcdn.ivymoda.com/files/product/thumab/1366/2023/03/27/9be8693c36bd084ea06907b7f565833f.jpg'),
(58, 'https://pubcdn.ivymoda.com/files/product/thumab/1366/2023/03/27/52ba83e91dc65b5ba44d2e49c9933c20.jpg'),
(58, 'https://pubcdn.ivymoda.com/files/product/thumab/1366/2023/03/27/1bbd8554ca7d25a656108f415ada6eb6.jpg'),
(58, 'https://pubcdn.ivymoda.com/files/product/thumab/1366/2023/03/27/215d131bbcaac829fc65dfb70714fee0.jpg'),
(59, 'https://pubcdn.ivymoda.com/files/product/thumab/1366/2023/03/27/ee7511ca18f4e83456967bf7ab45d5d3.jpg'),
(59, 'https://pubcdn.ivymoda.com/files/product/thumab/1366/2023/03/27/1856663b286f8e85bc40e2a16822a08c.jpg'),
(59, 'https://pubcdn.ivymoda.com/files/product/thumab/1366/2023/03/27/a0a646edbd9ea88be15eb80bdeff59df.jpg'),
(59, 'https://pubcdn.ivymoda.com/files/product/thumab/1366/2023/03/27/b2401bc427eaf745300443ba5b58025f.jpg'),
(60, 'https://pubcdn.ivymoda.com/files/product/thumab/1366/2023/03/27/16ce4278d4b4d147949b6b0c840c8269.jpg'),
(60, 'https://pubcdn.ivymoda.com/files/product/thumab/1366/2023/03/27/3c7183a13e34124c0f62be9e0b174aa8.jpg'),
(60, 'https://pubcdn.ivymoda.com/files/product/thumab/1366/2023/03/27/95149fc4c8f6b95a1bdd1fb40126b705.jpg'),
(60, 'https://pubcdn.ivymoda.com/files/product/thumab/1366/2023/03/27/6754d5f580ac6ac74ed00a4b01942c45.jpg'),
(61, 'https://pubcdn.ivymoda.com/files/product/thumab/1366/2020/12/28/a1f77fa3e07d7b3c01903ac7b34f42a6.JPG'),
(61, 'https://pubcdn.ivymoda.com/files/product/thumab/1366/2020/12/25/04df3303da271960dfe5631979c66b9e.JPG'),
(61, 'https://pubcdn.ivymoda.com/files/product/thumab/1366/2020/12/28/3a730859bd30b6682d2cae4c3cfce721.JPG'),
(61, 'https://pubcdn.ivymoda.com/files/product/thumab/1366/2020/12/28/56c33ed6d21acf4797aa873d91266f6b.JPG'),
(62, 'https://pubcdn.ivymoda.com/files/product/thumab/1366/2020/12/25/abb342ab7ec0babe65453b15da61f328.JPG'),
(62, 'https://pubcdn.ivymoda.com/files/product/thumab/1366/2020/12/28/5569f0e994c2e18040a61eb3d73a86e1.JPG'),
(62, 'https://pubcdn.ivymoda.com/files/product/thumab/1366/2020/12/28/0a625ccc3928451c8ae6b82df0891122.JPG'),
(62, 'https://pubcdn.ivymoda.com/files/product/thumab/1366/2020/12/28/c727252bf55d3239bd66a48f94900bdf.JPG'),
(63, 'https://pubcdn.ivymoda.com/files/product/thumab/1366/2021/11/12/950efe21c2b6212e9e7f36eab2849e43.JPG'),
(63, 'https://pubcdn.ivymoda.com/files/product/thumab/1366/2021/11/12/376da1de88cb3111d5c50f8219a78f8c.JPG'),
(63, 'https://pubcdn.ivymoda.com/files/product/thumab/1366/2021/11/12/5a82e78a49459240784350ac83a237dd.JPG'),
(63, 'https://pubcdn.ivymoda.com/files/product/thumab/1366/2021/11/12/1c3d5f584c3bbbf9e311a5171813c09a.JPG'),
(64, 'https://pubcdn.ivymoda.com/files/product/thumab/1366/2021/11/10/110d15efb293de239ae9a0e02f00d732.JPG'),
(64, 'https://pubcdn.ivymoda.com/files/product/thumab/1366/2021/11/10/43a69fc69a858f86ea08d9a462de6c70.JPG'),
(64, 'https://pubcdn.ivymoda.com/files/product/thumab/1366/2021/11/10/54411941ff2d94c951f935034331421b.JPG'),
(64, 'https://pubcdn.ivymoda.com/files/product/thumab/1366/2021/11/10/8c5972dae6c31e6a594f2810d797fb3a.JPG'),
(65, 'https://pubcdn.ivymoda.com/files/product/thumab/1366/2021/11/30/9ce4f55c430f4965d1e9570df4b20488.JPG'),
(65, 'https://pubcdn.ivymoda.com/files/product/thumab/1366/2021/11/30/4ec5da153999f642bfba9dab0b156b5b.JPG'),
(65, 'https://pubcdn.ivymoda.com/files/product/thumab/1366/2021/11/30/3265978f47d92c47b7e5a7c7df3afad4.JPG'),
(65, 'https://pubcdn.ivymoda.com/files/product/thumab/1366/2021/11/30/f039c956a457ce46dfd9e890ea7e1815.JPG'),
(66, 'https://pubcdn.ivymoda.com/files/product/thumab/1366/2022/12/30/9e3e76881ed8ba31e3121fa557570240.jpg'),
(66, 'https://pubcdn.ivymoda.com/files/product/thumab/1366/2022/12/30/ecb257a8044002a8fa836f25fcd16d81.jpg'),
(66, 'https://pubcdn.ivymoda.com/files/product/thumab/1366/2022/12/30/01bd039cbb8a2b3a6ce39926a3027416.jpg'),
(66, 'https://pubcdn.ivymoda.com/files/product/thumab/1366/2022/12/30/5555a16a57afe6147723de225275c2b8.jpg'),
(67, 'https://pubcdn.ivymoda.com/files/product/thumab/1366/2023/01/03/e0c692f33df478df5c72ca7224af8e33.jpg'),
(67, 'https://pubcdn.ivymoda.com/files/product/thumab/1366/2023/01/03/da7eace296fe27172c0af56925c1d06d.jpg'),
(67, 'https://pubcdn.ivymoda.com/files/product/thumab/1366/2023/01/03/cd638c751fcbdc813417f43b3e3dd321.jpg'),
(67, 'https://pubcdn.ivymoda.com/files/product/thumab/1366/2023/01/03/a4d361dac77ccbb7c8f30e6219502b93.jpg'),
(68, 'https://pubcdn.ivymoda.com/files/product/thumab/1366/2022/12/30/c54a9157f5abf2768a0ebff14035a460.jpg'),
(68, 'https://pubcdn.ivymoda.com/files/product/thumab/1366/2022/12/30/ee94bfc7413f519dde6f9fdb9ed94609.jpg'),
(68, 'https://pubcdn.ivymoda.com/files/product/thumab/1366/2022/12/30/5854d024e74c52ff05f354c3ae39287d.jpg'),
(68, 'https://pubcdn.ivymoda.com/files/product/thumab/1366/2022/12/30/2ce28d9e10469f7e0316b750e3eeca23.jpg'),
(69, 'https://pubcdn.ivymoda.com/files/product/thumab/1366/2022/12/13/4986ff0bbb9d804e951ebc143fd65b7a.jpg'),
(69, 'https://pubcdn.ivymoda.com/files/product/thumab/1366/2022/12/13/a508c5809de9b5a242100e597a9fca17.jpg'),
(69, 'https://pubcdn.ivymoda.com/files/product/thumab/1366/2022/12/13/7ea2a740a17aef19824883b4bfce85b2.jpg'),
(69, 'https://pubcdn.ivymoda.com/files/product/thumab/1366/2022/12/13/8e033863b3ebe3960c89e3900b0858d5.jpg'),
(70, 'https://pubcdn.ivymoda.com/files/product/thumab/1366/2022/12/13/106ed0d9e92b52f2ca97bfa6967fe3af.jpg'),
(70, 'https://pubcdn.ivymoda.com/files/product/thumab/1366/2022/12/13/1b330a546f1ca61fa097db30565417ed.jpg'),
(70, 'https://pubcdn.ivymoda.com/files/product/thumab/1366/2022/12/13/2a818cf8ec5f6d1104fb878df39ffb96.jpg'),
(70, 'https://pubcdn.ivymoda.com/files/product/thumab/1366/2022/12/13/e589bd789c0dce0269237b56752ff146.jpg'),
(71, 'https://pubcdn.ivymoda.com/files/product/thumab/1366/2022/12/13/0ea9b23c8854a5b1d1b0fe417ae0b328.jpg'),
(71, 'https://pubcdn.ivymoda.com/files/product/thumab/1366/2022/12/13/39fa3063d8d1594d9f5649c3cc930e41.jpg'),
(71, 'https://pubcdn.ivymoda.com/files/product/thumab/1366/2022/12/13/6719bff71a6fd80a25964ad07d61e4ba.jpg'),
(71, 'https://pubcdn.ivymoda.com/files/product/thumab/1366/2022/12/13/c65663934bca10adf35d7dd199a3c6e8.jpg'),
(72, 'https://pubcdn.ivymoda.com/files/product/thumab/1366/2023/04/12/15c26502f489a7e5b5ec9d532bcc38ab.jpg'),
(72, 'https://pubcdn.ivymoda.com/files/product/thumab/1366/2023/04/12/80385625a208e550dbb8e3e55bf01175.jpg'),
(72, 'https://pubcdn.ivymoda.com/files/product/thumab/1366/2023/04/12/516937fe1537f9ce1ee95f8a7aaab6c6.jpg'),
(72, 'https://pubcdn.ivymoda.com/files/product/thumab/1366/2023/04/12/a827b95f07fa2ec76daee9cea8a2fc4c.jpg'),
(73, 'https://pubcdn.ivymoda.com/files/product/thumab/1366/2023/04/12/38c03331d5079d593738e75ce0024c0d.jpg'),
(73, 'https://pubcdn.ivymoda.com/files/product/thumab/1366/2023/04/12/d5539394b39ed61f6ba4a14fd23cc936.jpg'),
(73, 'https://pubcdn.ivymoda.com/files/product/thumab/1366/2023/04/12/d99ef2804daeb1e1bfebada647ad2580.jpg'),
(73, 'https://pubcdn.ivymoda.com/files/product/thumab/1366/2023/04/12/cc75da1997fa22af482fe0ac8ca270d3.jpg'),
(74, 'https://pubcdn.ivymoda.com/files/product/thumab/1366/2023/03/21/121afd7151d0aca7d68621bdc5ed2279.jpg'),
(74, 'https://pubcdn.ivymoda.com/files/product/thumab/1366/2023/03/21/26f867926cf5966a49aa63096081f471.jpg'),
(74, 'https://pubcdn.ivymoda.com/files/product/thumab/1366/2023/03/21/f2c52741c128d3475718c5d446feccae.jpg'),
(74, 'https://pubcdn.ivymoda.com/files/product/thumab/1366/2023/03/21/79aeabf2a909c75cc0e442e9fa5e63dc.jpg'),
(75, 'https://pubcdn.ivymoda.com/files/product/thumab/1366/2023/04/12/0ac91252aff206cd4600c2c18e7f0f68.jpg'),
(75, 'https://pubcdn.ivymoda.com/files/product/thumab/1366/2023/04/12/07fbcf581ea5587268a2b26dc445d2d1.jpg'),
(75, 'https://pubcdn.ivymoda.com/files/product/thumab/1366/2023/04/12/2c8868074f7f35bc22fe394e870fdd3b.jpg'),
(75, 'https://pubcdn.ivymoda.com/files/product/thumab/1366/2023/04/12/f7466e1d82449163a2d113c9da5ba1bb.jpg'),
(76, 'https://pubcdn.ivymoda.com/files/product/thumab/1366/2023/04/12/956ae727ae063f8a28934e52667c37a8.jpg'),
(76, 'https://pubcdn.ivymoda.com/files/product/thumab/1366/2023/04/12/f968e610abd8f504b71288a8c49c31c2.jpg'),
(76, 'https://pubcdn.ivymoda.com/files/product/thumab/1366/2023/04/12/a04be3dfd57026d2272a1b8342969320.jpg'),
(76, 'https://pubcdn.ivymoda.com/files/product/thumab/1366/2023/04/12/edebca5c19bad2a31bfef61c4a2ef8ac.jpg'),
(77, 'https://pubcdn.ivymoda.com/files/product/thumab/1366/2023/04/12/d875427329764443f360cbaee5e456b1.jpg'),
(77, 'https://pubcdn.ivymoda.com/files/product/thumab/1366/2023/04/12/55ec7743df125bdd18250dd3cc08dfe2.jpg'),
(77, 'https://pubcdn.ivymoda.com/files/product/thumab/1366/2023/04/12/32f204ffa916897d29a2facc16c80386.jpg'),
(77, 'https://pubcdn.ivymoda.com/files/product/thumab/1366/2023/04/12/0b3c32d87d890646a147881039c9d15a.jpg'),
(78, 'https://pubcdn.ivymoda.com/files/product/thumab/1366/2022/04/18/76390ca5a89a0e29dcd21c994b4d2d6d.JPG'),
(78, 'https://pubcdn.ivymoda.com/files/product/thumab/1366/2022/04/18/736ebc1ce4223f708b4cc8c84e278546.JPG'),
(78, 'https://pubcdn.ivymoda.com/files/product/thumab/1366/2022/04/06/cabc4db3d9fcac2748b32f59ff1deee1.JPG'),
(78, 'https://pubcdn.ivymoda.com/files/product/thumab/1366/2022/04/06/35f203063c48678255484328b801dcb2.JPG'),
(79, 'https://pubcdn.ivymoda.com/files/product/thumab/1366/2022/04/06/a367b6c46be229877d6906d7ebe34a02.JPG'),
(79, 'https://pubcdn.ivymoda.com/files/product/thumab/1366/2022/04/06/2d971d56c476f1deda933144e6072b73.JPG'),
(79, 'https://pubcdn.ivymoda.com/files/product/thumab/1366/2022/04/06/b3a0ea90be3e913cee39438ab02dab26.JPG'),
(79, 'https://pubcdn.ivymoda.com/files/product/thumab/1366/2022/04/06/18d1e5fcb430e6704ed7c65c18c8b773.JPG'),
(80, 'https://pubcdn.ivymoda.com/files/product/thumab/1366/2022/04/06/d4bbe71a9fb9cf58b5fd9a577964a0e6.JPG'),
(80, 'https://pubcdn.ivymoda.com/files/product/thumab/1366/2022/04/06/42d86064c7f8f6c73edd44aed62244e6.JPG'),
(80, 'https://pubcdn.ivymoda.com/files/product/thumab/1366/2022/04/06/21265fbd380ef36cd135a486ed8a9ec4.JPG'),
(80, 'https://pubcdn.ivymoda.com/files/product/thumab/1366/2022/04/06/2e0bac6cbe9a8f0fc6903bdb7ed207b0.JPG'),
(81, 'https://pubcdn.ivymoda.com/files/product/thumab/1366/2021/07/26/b59fdd97644976993c2348e81acf9b4d.JPG'),
(81, 'https://pubcdn.ivymoda.com/files/product/thumab/1366/2021/07/26/fde5276c97a4217956c90488ef195475.JPG'),
(81, 'https://pubcdn.ivymoda.com/files/product/thumab/1366/2021/07/26/d4d398167b79163e3d6a3a06fcce12a9.JPG'),
(81, 'https://pubcdn.ivymoda.com/files/product/thumab/1366/2021/07/26/99d927de3157aef8cda3164c407f7386.JPG'),
(82, 'https://pubcdn.ivymoda.com/files/product/thumab/1366/2019/11/18/3472dcfe8f6f7162798a0c343dbe4a59.jpg'),
(82, 'https://pubcdn.ivymoda.com/files/product/thumab/1366/2019/11/18/932516f84b4ea52977b257c78df7cd13.jpg'),
(82, 'https://pubcdn.ivymoda.com/files/product/thumab/1366/2019/11/18/69284e3ffc7c376c3e8d968ef3a72c8f.jpg'),
(82, 'https://pubcdn.ivymoda.com/files/product/thumab/1366/2019/11/18/4da86d6d4c89364734dfb82a1284d480.jpg'),
(83, 'https://pubcdn.ivymoda.com/files/product/thumab/1366/2019/11/18/6043b1cca7c1221388ed6b662da77447.jpg'),
(83, 'https://pubcdn.ivymoda.com/files/product/thumab/1366/2019/11/18/f9ca016b2bbd4c39ae1f44488307c284.jpg'),
(83, 'https://pubcdn.ivymoda.com/files/product/thumab/1366/2019/11/18/9e6121cd726abfa7422bfa89d85eb0be.jpg'),
(83, 'https://pubcdn.ivymoda.com/files/product/thumab/1366/2019/11/18/0b9ce235dd32851c9915e0f012fd2741.jpg'),
(84, 'https://pubcdn.ivymoda.com/files/product/thumab/1366/2023/03/20/bc74de6da2bb3c0b0abdd6f20fdb43f8.jpg'),
(84, 'https://pubcdn.ivymoda.com/files/product/thumab/1366/2023/03/20/98330fdf13382f705dbf6f2cc57a116a.jpg'),
(84, 'https://pubcdn.ivymoda.com/files/product/thumab/1366/2023/03/20/070e09d4c5b7d27771861cb95b424e85.jpg'),
(84, 'https://pubcdn.ivymoda.com/files/product/thumab/1366/2023/03/20/ee584bd93ca1988e300610dfa5bcc663.jpg'),
(85, 'https://pubcdn.ivymoda.com/files/product/thumab/1366/2023/03/10/105f72e9d572f813b1b154659d968e33.jpg'),
(85, 'https://pubcdn.ivymoda.com/files/product/thumab/1366/2023/03/10/5988e955644f7859f0b7eb1ee26445d7.jpg'),
(85, 'https://pubcdn.ivymoda.com/files/product/thumab/1366/2023/03/10/4064793f6b84f7d47172a5eb7039cf0a.jpg'),
(85, 'https://pubcdn.ivymoda.com/files/product/thumab/1366/2023/03/10/5cda8626b5b38bda55628c60785b44bd.jpg'),
(86, 'https://pubcdn.ivymoda.com/files/product/thumab/1366/2023/04/10/d53854452ceca3da55cb4662dc3b4909.jpg'),
(86, 'https://pubcdn.ivymoda.com/files/product/thumab/1366/2023/04/10/84d1ed6a183ef6b9c0657dbd1f7bbf25.jpg'),
(86, 'https://pubcdn.ivymoda.com/files/product/thumab/1366/2023/03/31/08306a169e76f89da4fcb4adc244f143.JPG'),
(86, 'https://pubcdn.ivymoda.com/files/product/thumab/1366/2023/03/31/f273f404b486df1f5be602df94d56bac.JPG'),
(87, 'https://pubcdn.ivymoda.com/files/product/thumab/1366/2023/04/11/146915c3d84f42e0706911e7dfb9024a.jpg'),
(87, 'https://pubcdn.ivymoda.com/files/product/thumab/1366/2023/04/11/914f9bb444577738b49f49327741b16a.jpg'),
(87, 'https://pubcdn.ivymoda.com/files/product/thumab/1366/2023/04/11/ef1ac10d911d1e2627f996396ab9df1f.jpg'),
(88, 'https://pubcdn.ivymoda.com/files/product/thumab/1366/2022/05/20/78c6dfdae5a73bd589336f0da66daaf0.JPG'),
(88, 'https://pubcdn.ivymoda.com/files/product/thumab/1366/2022/05/20/eed7f972e9a4fc3e7a1d5cd56bf62f8c.JPG'),
(88, 'https://pubcdn.ivymoda.com/files/product/thumab/1366/2022/05/20/e00a34e12fc50421ead7f39adcef4251.JPG'),
(88, 'https://pubcdn.ivymoda.com/files/product/thumab/1366/2022/05/20/dd52c54e029934df66bdb9e824183dec.JPG'),
(89, 'https://pubcdn.ivymoda.com/files/product/thumab/1366/2022/05/27/cb93235d27ec08e0ff2801a92f80d47c.JPG'),
(89, 'https://pubcdn.ivymoda.com/files/product/thumab/1366/2022/05/27/43e14d4385dbbc1c87bbfeacd6000326.JPG'),
(89, 'https://pubcdn.ivymoda.com/files/product/thumab/1366/2022/05/27/0f9b5019b9ecfb8f5e1d3d7f175d954e.JPG'),
(89, 'https://pubcdn.ivymoda.com/files/product/thumab/1366/2022/05/27/ed4cb5b45db4d1423370f6b1d597c23c.JPG'),
(90, 'https://pubcdn.ivymoda.com/files/product/thumab/1366/2022/05/27/d79001635b2af011e4e8dc5f88651eab.JPG'),
(90, 'https://pubcdn.ivymoda.com/files/product/thumab/1366/2022/05/27/e25c4940a7d14cc88c7737ffceed32ad.JPG'),
(90, 'https://pubcdn.ivymoda.com/files/product/thumab/1366/2022/05/27/61cdafb3779cfacf46c0384d08c641ab.JPG'),
(90, 'https://pubcdn.ivymoda.com/files/product/thumab/1366/2022/05/27/38f256dd1a198fd5a1a195357fc96bb0.JPG'),
(91, 'https://pubcdn.ivymoda.com/files/product/thumab/1366/2022/03/29/c3b3a8a5b2c5cef73637e1695159e815.JPG'),
(91, 'https://pubcdn.ivymoda.com/files/product/thumab/1366/2022/03/29/51a6ae54aab89b6a4672c4cb8db07615.JPG'),
(91, 'https://pubcdn.ivymoda.com/files/product/thumab/1366/2022/03/29/677a158be9f09ef417b70f0534258ca2.JPG'),
(91, 'https://pubcdn.ivymoda.com/files/product/thumab/1366/2022/03/29/7097c02ecce2c9ebee02de5393a10c99.JPG'),
(92, 'https://pubcdn.ivymoda.com/files/product/thumab/1366/2022/03/29/71378da5a7a903f27185ce85df1c294d.JPG'),
(92, 'https://pubcdn.ivymoda.com/files/product/thumab/1366/2022/03/29/4702496989c1f1d2238e8c130b72f0ac.JPG'),
(92, 'https://pubcdn.ivymoda.com/files/product/thumab/1366/2022/03/29/c6af5304b75eef33df40bd283ade2363.JPG'),
(92, 'https://pubcdn.ivymoda.com/files/product/thumab/1366/2022/03/29/fe21c3200b54d5cd0037b2905a45470f.JPG'),
(93, 'https://pubcdn.ivymoda.com/files/product/thumab/1366/2022/03/29/6bc696308d8d58fa7b5ff088075c5e7d.JPG'),
(93, 'https://pubcdn.ivymoda.com/files/product/thumab/1366/2022/03/29/9d990136790a4601e2876ef3bbfaf189.JPG'),
(93, 'https://pubcdn.ivymoda.com/files/product/thumab/1366/2022/03/29/68acc7331a34846f4313b0daa8b26f88.JPG'),
(93, 'https://pubcdn.ivymoda.com/files/product/thumab/1366/2022/03/29/c0388dc362161b823559b94e9384edc8.JPG'),
(94, 'https://pubcdn.ivymoda.com/files/product/thumab/1366/2022/03/29/f35a835bd5046e43e37cf2d8c21e1ea1.JPG'),
(94, 'https://pubcdn.ivymoda.com/files/product/thumab/1366/2022/03/29/b201a36f90ddb4e953d013d700345771.JPG'),
(94, 'https://pubcdn.ivymoda.com/files/product/thumab/1366/2022/03/29/585100c634ce6ac85ebecd137a645a78.JPG'),
(94, 'https://pubcdn.ivymoda.com/files/product/thumab/1366/2022/03/29/2d8d259e23f2fda2d72801e9ebe2e6ad.JPG'),
(95, 'https://pubcdn.ivymoda.com/files/product/thumab/1366/2022/03/29/adda13064909accba0e38d05dfa5cfc8.JPG'),
(95, 'https://pubcdn.ivymoda.com/files/product/thumab/1366/2022/03/29/8af023969ef71e6d0202442f0786579c.JPG'),
(95, 'https://pubcdn.ivymoda.com/files/product/thumab/1366/2022/03/29/3c50cca3f8e4bcd837d26ee80a132a3b.JPG'),
(95, 'https://pubcdn.ivymoda.com/files/product/thumab/1366/2022/03/29/3306cfa86c434ff4c12b4c06ce04139a.JPG'),
(96, 'https://pubcdn.ivymoda.com/files/product/thumab/1366/2023/02/16/07fdbeaab44884f28d1217535975568a.jpg'),
(96, 'https://pubcdn.ivymoda.com/files/product/thumab/1366/2023/02/16/6e86378dc956e15939ce877e4a9f5150.jpg'),
(96, 'https://pubcdn.ivymoda.com/files/product/thumab/1366/2023/02/16/243cd69fc3a244de632a538c2f4d20d3.jpg'),
(96, 'https://pubcdn.ivymoda.com/files/product/thumab/1366/2023/02/16/44253f1532e525ba2a791263971048a4.jpg'),
(97, 'https://pubcdn.ivymoda.com/files/product/thumab/1366/2023/02/16/5116f6959320d7891ebef749c79e3734.jpg'),
(97, 'https://pubcdn.ivymoda.com/files/product/thumab/1366/2023/02/16/ef826dc18eaa7b603b04e75c0184209c.jpg'),
(97, 'https://pubcdn.ivymoda.com/files/product/thumab/1366/2023/02/16/05077f56ec03779985dcd1e3a86d63a3.jpg'),
(97, 'https://pubcdn.ivymoda.com/files/product/thumab/1366/2023/02/16/c7c11824f62549b8e44c5b5a784469a8.jpg'),
(98, 'https://pubcdn.ivymoda.com/files/product/thumab/1366/2022/01/11/2495f87705e47a6bdaa4407f3899817d.JPG'),
(98, 'https://pubcdn.ivymoda.com/files/product/thumab/1366/2022/01/11/984768425a282cd6d1915303076680f9.JPG'),
(98, 'https://pubcdn.ivymoda.com/files/product/thumab/1366/2022/01/11/5dafeb613e91f6dff15dac85c9b98d61.JPG'),
(98, 'https://pubcdn.ivymoda.com/files/product/thumab/1366/2022/01/11/d775e6f9332fc2d84c186d0e46f48471.JPG'),
(99, 'https://pubcdn.ivymoda.com/files/product/thumab/1366/2022/01/11/728c5f90027afd40e2e0558220e3db15.JPG'),
(99, 'https://pubcdn.ivymoda.com/files/product/thumab/1366/2022/01/11/fc5f40d76c5a16ad475bb20808950c46.JPG'),
(99, 'https://pubcdn.ivymoda.com/files/product/thumab/1366/2022/01/11/c72852cc49d335ecce7e2ccc16121ed3.JPG'),
(99, 'https://pubcdn.ivymoda.com/files/product/thumab/1366/2022/01/11/6dc3cdd34bb251e2bca5f6682d567050.JPG'),
(100, 'https://pubcdn.ivymoda.com/files/product/thumab/1366/2021/05/13/b7f7d8777efc6ca98664a1719c7bffd1.jpg'),
(100, 'https://pubcdn.ivymoda.com/files/product/thumab/1366/2021/05/13/2db79d266ded58ae30d4a0b758f4cf74.jpg'),
(100, 'https://pubcdn.ivymoda.com/files/product/thumab/1366/2021/05/13/5899ecdd6034572a901b805ffc0edd46.jpg'),
(100, 'https://pubcdn.ivymoda.com/files/product/thumab/1366/2021/05/13/6015d91a90d7799bb15f04a42021ca8b.jpg'),
(101, 'https://pubcdn.ivymoda.com/files/product/thumab/1366/2021/05/13/23fe148d98c62292bbd25f6c4ad16a0b.jpg'),
(101, 'https://pubcdn.ivymoda.com/files/product/thumab/1366/2021/05/13/8c2525a733d5bde15fb64ea67b1e2c2d.jpg'),
(101, 'https://pubcdn.ivymoda.com/files/product/thumab/1366/2021/05/13/e3205fcc6b1d2aad26afda49388f61fc.jpg'),
(101, 'https://pubcdn.ivymoda.com/files/product/thumab/1366/2021/05/13/c222bd7a7d98b880c696db64cb87d31b.jpg'),
(102, 'https://pubcdn.ivymoda.com/files/product/thumab/1366/2021/05/13/b982135216d4309e72b53403c74c101d.jpg'),
(102, 'https://pubcdn.ivymoda.com/files/product/thumab/1366/2021/05/13/7fd832dc17382084ad511c4a9c75b261.jpg'),
(102, 'https://pubcdn.ivymoda.com/files/product/thumab/1366/2021/05/13/d6536cdf3c87bd83868d689900319de4.jpg'),
(102, 'https://pubcdn.ivymoda.com/files/product/thumab/1366/2021/05/13/5fb36f29feb2377d3cbf2f47b84dcdfd.jpg'),
(103, 'https://pubcdn.ivymoda.com/files/product/thumab/1366/2021/11/04/04dbff5f631d28dd677ed33128f24b58.JPG'),
(103, 'https://pubcdn.ivymoda.com/files/product/thumab/1366/2021/11/04/e33480a528d8cff561c66012b21847c3.JPG'),
(103, 'https://pubcdn.ivymoda.com/files/product/thumab/1366/2021/11/04/00e2214f94d902eb4ae682ddaa028967.JPG'),
(103, 'https://pubcdn.ivymoda.com/files/product/thumab/1366/2021/11/04/15c53c98b4106d8a9de8b6720e27f319.JPG'),
(104, 'https://pubcdn.ivymoda.com/files/product/thumab/1366/2021/10/18/e9a43acc257bf0eb499b444d57f42358.JPG'),
(104, 'https://pubcdn.ivymoda.com/files/product/thumab/1366/2021/10/18/1f9fa6197e81733b64eabf57df045d5d.JPG'),
(104, 'https://pubcdn.ivymoda.com/files/product/thumab/1366/2021/10/18/b86c493407ba74fdf38de0fc2943288e.JPG'),
(104, 'https://pubcdn.ivymoda.com/files/product/thumab/1366/2021/10/18/4d4cf46dc8d80a75caf80f3361e8e7b0.JPG'),
(105, 'https://pubcdn.ivymoda.com/files/product/thumab/1366/2021/02/19/59eab63a2543f39c0927d08db68790af.JPG'),
(105, 'https://pubcdn.ivymoda.com/files/product/thumab/1366/2021/02/09/6d896737018842ed26b0884a488794f1.jpg'),
(105, 'https://pubcdn.ivymoda.com/files/product/thumab/1366/2021/02/19/a4c2dcfcabe77f0ca4cb0b2fb71f5e50.JPG'),
(105, 'https://pubcdn.ivymoda.com/files/product/thumab/1366/2021/02/19/c2a4a91a4d7685088da1792bada2fbe6.JPG'),
(106, 'https://pubcdn.ivymoda.com/files/product/thumab/1366/2021/12/27/449f149d405048fec632a7072f330845.JPG'),
(106, 'https://pubcdn.ivymoda.com/files/product/thumab/1366/2021/12/30/0762cc780b5c0508e17299efe78f2afa.JPG'),
(106, 'https://pubcdn.ivymoda.com/files/product/thumab/1366/2021/12/27/68f91c5edaf15f21f6cb575887417cd8.JPG'),
(106, 'https://pubcdn.ivymoda.com/files/product/thumab/1366/2021/12/30/359eb3805cf8c7852dc702cdc95fbee8.JPG'),
(107, 'https://pubcdn.ivymoda.com/files/product/thumab/1366/2021/12/27/588350eea1371729c89d40d0c37769f0.JPG'),
(107, 'https://pubcdn.ivymoda.com/files/product/thumab/1366/2021/12/27/dfaff28b938c80060973d45ec080435b.JPG'),
(107, 'https://pubcdn.ivymoda.com/files/product/thumab/1366/2021/12/29/6b433d91ea128d31946bd18cffacf281.JPG'),
(107, 'https://pubcdn.ivymoda.com/files/product/thumab/1366/2021/12/29/06ee03c356c22073f19ec97c7327ffa3.JPG'),
(108, 'https://pubcdn.ivymoda.com/files/product/thumab/1366/2021/12/27/80164926d4e8eaadae367d178c082136.JPG'),
(108, 'https://pubcdn.ivymoda.com/files/product/thumab/1366/2021/12/30/fbc7ae2cabf82e11409b8e758ecc4277.JPG'),
(108, 'https://pubcdn.ivymoda.com/files/product/thumab/1366/2021/12/30/afb3634c2c08960d17525caa391e2021.JPG'),
(108, 'https://pubcdn.ivymoda.com/files/product/thumab/1366/2021/12/30/28d80fdc4cfd0459b9ed37aaf743b1e8.JPG'),
(109, 'https://pubcdn.ivymoda.com/files/product/thumab/1366/2021/12/27/4d09eda9596af8c4096287145805fd3c.JPG'),
(109, 'https://pubcdn.ivymoda.com/files/product/thumab/1366/2021/12/27/fccde6e2a15a2e22eb0acb066e9f1dda.JPG'),
(109, 'https://pubcdn.ivymoda.com/files/product/thumab/1366/2021/12/29/fc6c915b63920f9610ca24f0237b8e73.JPG'),
(109, 'https://pubcdn.ivymoda.com/files/product/thumab/1366/2021/12/29/fb710babd978017593566f7af4b494ee.JPG'),
(110, 'https://pubcdn.ivymoda.com/files/product/thumab/1366/2021/02/19/aef09ed5d7979b818d1b08cf53dd1cd2.JPG'),
(110, 'https://pubcdn.ivymoda.com/files/product/thumab/1366/2021/02/09/8bd454e6a575ed80567e96e7feadc3a6.jpg'),
(110, 'https://pubcdn.ivymoda.com/files/product/thumab/1366/2021/02/19/cca9df73b7da17dbfb5541db134dc7d2.JPG'),
(110, 'https://pubcdn.ivymoda.com/files/product/thumab/1366/2021/02/19/c86af6f72896792770679a6874adc090.JPG'),
(111, 'https://pubcdn.ivymoda.com/files/product/thumab/1366/2021/05/13/1e80657683e38823420061fa308d9754.jpg'),
(111, 'https://pubcdn.ivymoda.com/files/product/thumab/1366/2021/05/13/a939ab94f75a5cfda85c480523941e3e.jpg'),
(111, 'https://pubcdn.ivymoda.com/files/product/thumab/1366/2021/05/13/857dd7dbe1c46c23d7199f7375750a7f.jpg'),
(111, 'https://pubcdn.ivymoda.com/files/product/thumab/1366/2021/05/13/7d75151ba4cae2aac7e6cf1459a4c260.jpg'),
(112, 'https://pubcdn.ivymoda.com/files/product/thumab/1366/2021/08/04/829ee10da8ea3df8ad4276aae8c79b03.JPG'),
(112, 'https://pubcdn.ivymoda.com/files/product/thumab/1366/2021/08/04/f9c52b5493ac0a9848d1d6d94d7cdb58.JPG'),
(112, 'https://pubcdn.ivymoda.com/files/product/thumab/1366/2021/08/04/847d9ef642fd4b461ccfd84bf39d2a12.JPG'),
(112, 'https://pubcdn.ivymoda.com/files/product/thumab/1366/2021/08/04/ee07842ddae2e57daab3828589679b9a.JPG'),
(113, 'https://pubcdn.ivymoda.com/files/product/thumab/1366/2021/09/11/8e5d495f91f562e48d76ae9b904c9b81.JPG'),
(113, 'https://pubcdn.ivymoda.com/files/product/thumab/1366/2021/09/11/e34fe59a9673ed43624a2b9d9ef4a87a.JPG'),
(113, 'https://pubcdn.ivymoda.com/files/product/thumab/1366/2021/09/11/b225bb84a30d31414ef1ef9da59a2544.JPG'),
(114, 'https://pubcdn.ivymoda.com/files/product/thumab/1366/2021/09/10/719e39d99508e40510a35d405c16d8d4.JPG'),
(114, 'https://pubcdn.ivymoda.com/files/product/thumab/1366/2021/09/10/bc5f78c2b177e7b1bf00c5b1ae188a21.JPG'),
(114, 'https://pubcdn.ivymoda.com/files/product/thumab/1366/2021/09/10/7043c09ad3ce9abf73575bec56af2f5a.JPG'),
(115, 'https://pubcdn.ivymoda.com/files/product/thumab/1366/2022/05/27/4271a3f4502f1ab6a33f18d25f5fa054.JPG'),
(115, 'https://pubcdn.ivymoda.com/files/product/thumab/1366/2022/05/27/c65cbc781aff3104751748465e3cb67f.JPG'),
(115, 'https://pubcdn.ivymoda.com/files/product/thumab/1366/2022/05/27/7203369bdd02e8e406b04b5a9811bf54.JPG'),
(115, 'https://pubcdn.ivymoda.com/files/product/thumab/1366/2022/05/27/49d8c40d6ead1586017d7915f8c9152d.JPG'),
(116, 'https://pubcdn.ivymoda.com/files/product/thumab/1366/2021/04/15/979fabe0217e4be8100d89294452b93e.jpg'),
(116, 'https://pubcdn.ivymoda.com/files/product/thumab/1366/2021/04/15/27a946f5003da6bb57216b86a93677b2.jpg'),
(116, 'https://pubcdn.ivymoda.com/files/product/thumab/1366/2021/04/14/288f6193c8638bb8da0e2a8b43195b5e.jpg'),
(116, 'https://pubcdn.ivymoda.com/files/product/thumab/1366/2021/04/15/982cd6b444a427706db144ef156cd491.jpg'),
(117, 'https://pubcdn.ivymoda.com/files/product/thumab/1366/2021/04/15/85ba78a5f4af1caf6a95b580e8e779e8.jpg'),
(117, 'https://pubcdn.ivymoda.com/files/product/thumab/1366/2021/04/15/760608f0e4329d66009f600f6ff9cbb1.jpg'),
(117, 'https://pubcdn.ivymoda.com/files/product/thumab/1366/2021/04/14/56519b271465288f8c0c3863ededb044.jpg'),
(117, 'https://pubcdn.ivymoda.com/files/product/thumab/1366/2021/04/15/08f9720a489c17542b2b0b38500643e9.jpg'),
(118, 'https://pubcdn.ivymoda.com/files/product/thumab/1366/2021/04/15/05c82391959c573723f96f6a0abea3f2.jpg'),
(118, 'https://pubcdn.ivymoda.com/files/product/thumab/1366/2021/04/14/6a30fb64c5ca7cdb06cfd3e23e8392b9.jpg'),
(118, 'https://pubcdn.ivymoda.com/files/product/thumab/1366/2021/04/15/175b2bfa6436a7a2cfc894707fa043df.jpg'),
(118, 'https://pubcdn.ivymoda.com/files/product/thumab/1366/2021/04/15/0c660026ebf55732acf3e5fa43520a04.jpg'),
(119, 'https://pubcdn.ivymoda.com/files/product/thumab/1366/2020/07/28/4d3bfbf02772819b601e9a94e40fb425.jpg'),
(119, 'https://pubcdn.ivymoda.com/files/product/thumab/1366/2020/07/30/9062659522313780d15365e70cf3db1e.jpg'),
(119, 'https://pubcdn.ivymoda.com/files/product/thumab/1366/2020/07/30/0abbefbd10bbd62754596c585ce0702a.jpg'),
(119, 'https://pubcdn.ivymoda.com/files/product/thumab/1366/2020/07/30/d9f42fe4c3470ab5e868bfedbeae2260.jpg'),
(120, 'https://pubcdn.ivymoda.com/files/product/thumab/1366/2020/07/28/e1aaea70fb99c68cff1163d8c4799a92.jpg'),
(120, 'https://pubcdn.ivymoda.com/files/product/thumab/1366/2020/07/30/edd9eeef0031c02995167e4fdfbfc10c.jpg'),
(120, 'https://pubcdn.ivymoda.com/files/product/thumab/1366/2020/07/30/f428dacc53d4678d17d474b37db904dd.jpg'),
(121, 'https://pubcdn.ivymoda.com/files/product/thumab/1366/2021/03/31/3243b04b7097cc0b0d68b4f9f65165a9.jpg'),
(121, 'https://pubcdn.ivymoda.com/files/product/thumab/1366/2021/03/31/79ceedd95c83c90a7547d9d8c582089c.jpg'),
(121, 'https://pubcdn.ivymoda.com/files/product/thumab/1366/2021/03/31/f8214c9fae7e29eea3009b955b0c32f4.jpg'),
(121, 'https://pubcdn.ivymoda.com/files/product/thumab/1366/2021/03/31/6c18a0d4cfb876af0ba7580e69a93e07.jpg'),
(122, 'https://pubcdn.ivymoda.com/files/product/thumab/1366/2021/03/31/290512cb7394b0d0067b0fe8341bdc0e.jpg'),
(122, 'https://pubcdn.ivymoda.com/files/product/thumab/1366/2021/03/31/2f7ed486d10e001ebc28df6c0ce417d4.jpg'),
(122, 'https://pubcdn.ivymoda.com/files/product/thumab/1366/2021/03/31/901ad53336319ce153fe9e33de3c3075.jpg'),
(122, 'https://pubcdn.ivymoda.com/files/product/thumab/1366/2021/03/31/1283a576a713842d4768a2e40cf17549.jpg'),
(123, 'https://pubcdn.ivymoda.com/files/product/thumab/1366/2021/03/31/98351b3cba76e457b7f42d3854dd5989.jpg'),
(123, 'https://pubcdn.ivymoda.com/files/product/thumab/1366/2021/03/31/29f59aad4596817c13d78450ee606918.jpg'),
(123, 'https://pubcdn.ivymoda.com/files/product/thumab/1366/2021/03/31/c2e39dda86770b259805e99e6bfc1450.jpg'),
(123, 'https://pubcdn.ivymoda.com/files/product/thumab/1366/2021/03/31/5e22911d5004c649dab2a97a65601a41.jpg'),
(124, 'https://pubcdn.ivymoda.com/files/product/thumab/1366/2021/04/01/faaa8d1ad4a2932b25bb7f94ba6da751.jpg'),
(124, 'https://pubcdn.ivymoda.com/files/product/thumab/1366/2021/04/01/7525435be77f1e07acf84053498d7696.jpg'),
(124, 'https://pubcdn.ivymoda.com/files/product/thumab/1366/2021/04/01/b862980b730bf0c054c7d9f80266a410.jpg'),
(124, 'https://pubcdn.ivymoda.com/files/product/thumab/1366/2021/04/01/b35dabf03e9c310e8e6caf341dbd589b.jpg'),
(125, 'https://pubcdn.ivymoda.com/files/product/thumab/1366/2020/12/14/028a29d6e4215ae9ef9ed9e634563c33.JPG'),
(125, 'https://pubcdn.ivymoda.com/files/product/thumab/1366/2020/12/23/cd6fdf7f1421124c3f04ed934723c770.JPG'),
(125, 'https://pubcdn.ivymoda.com/files/product/thumab/1366/2020/12/23/e098f38520c6240178a1d7cb2745f1f6.JPG'),
(125, 'https://pubcdn.ivymoda.com/files/product/thumab/1366/2020/12/23/7fd8bc2e4c593c324d25b1b887b28af6.JPG'),
(126, 'https://pubcdn.ivymoda.com/files/product/thumab/1366/2020/12/14/e2a88a1cbe5d283078f56fca1a481da1.JPG'),
(126, 'https://pubcdn.ivymoda.com/files/product/thumab/1366/2020/12/23/221a1251e8b6f0802ace18e55f6dfbe0.JPG'),
(126, 'https://pubcdn.ivymoda.com/files/product/thumab/1366/2020/12/23/fc328497c7a540d68d91d2b964977a89.JPG'),
(126, 'https://pubcdn.ivymoda.com/files/product/thumab/1366/2020/12/23/549df52814281bfc666ffe9c9b760e9a.JPG'),
(127, 'https://pubcdn.ivymoda.com/files/product/thumab/1366/2020/12/14/0ab206239c0ccf22a191181bfa79b29d.JPG'),
(127, 'https://pubcdn.ivymoda.com/files/product/thumab/1366/2020/12/23/22e9a0c0224a2e376a220ff928bc4e75.JPG'),
(127, 'https://pubcdn.ivymoda.com/files/product/thumab/1366/2020/12/23/7be81733b7e35e23df89c56bc907b5f5.JPG'),
(127, 'https://pubcdn.ivymoda.com/files/product/thumab/1366/2020/12/23/343bbb592d901238a88007da6aa564e7.JPG'),
(128, 'https://pubcdn.ivymoda.com/files/product/thumab/1366/2020/12/14/a173b651a69f368a05ed2f442618e0d1.JPG'),
(128, 'https://pubcdn.ivymoda.com/files/product/thumab/1366/2020/12/23/6c6914d17cba5b9d4de8a2bf34323777.JPG'),
(128, 'https://pubcdn.ivymoda.com/files/product/thumab/1366/2020/12/23/2764f655e0cfeb6780979e75ea8a0a9d.JPG'),
(128, 'https://pubcdn.ivymoda.com/files/product/thumab/1366/2020/12/23/2764f655e0cfeb6780979e75ea8a0a9d.JPG'),
(128, 'https://pubcdn.ivymoda.com/files/product/thumab/1366/2020/12/23/e04c38040eaf25618162d3f7e0a580bb.JPG'),
(129, 'https://pubcdn.ivymoda.com/files/product/thumab/1366/2022/04/15/a01444d72802f2028e45646cd7836b97.JPG'),
(129, 'https://pubcdn.ivymoda.com/files/product/thumab/1366/2022/04/15/02d8d117f9a62ca287d8c7aca34184f1.JPG'),
(129, 'https://pubcdn.ivymoda.com/files/product/thumab/1366/2022/04/15/32d45b6ab1222736fb4fa53f46bdd531.JPG'),
(129, 'https://pubcdn.ivymoda.com/files/product/thumab/1366/2022/04/15/df22033694bfd7a52e76e7e578a0c927.JPG'),
(130, 'https://pubcdn.ivymoda.com/files/product/thumab/1366/2022/04/15/7424f1cbefb6171b9dafd5ce785df171.JPG'),
(130, 'https://pubcdn.ivymoda.com/files/product/thumab/1366/2022/04/15/0d6aad731554d195577461d148b7dda1.JPG'),
(130, 'https://pubcdn.ivymoda.com/files/product/thumab/1366/2022/04/15/3feb86da83df4d11cf8b42fe5ab3355e.JPG'),
(130, 'https://pubcdn.ivymoda.com/files/product/thumab/1366/2022/04/15/b7641f24517218caae966e7dafdccf45.JPG'),
(131, 'https://pubcdn.ivymoda.com/files/product/thumab/1366/2022/04/15/5f2e174b7b0ee0daf3f0d42d02435263.JPG'),
(131, 'https://pubcdn.ivymoda.com/files/product/thumab/1366/2022/04/15/964078c2c7283cfeeb79825cfe38bf3a.JPG'),
(131, 'https://pubcdn.ivymoda.com/files/product/thumab/1366/2022/04/15/dd629f504392e6a1de45f5a5aa2e399d.JPG'),
(131, 'https://pubcdn.ivymoda.com/files/product/thumab/1366/2022/04/15/70e11e4adc4f8349cf5bb53fd484dd97.JPG'),
(132, 'https://pubcdn.ivymoda.com/files/product/thumab/1366/2022/04/15/928c964a67ac6335b97726776c26f1d1.JPG'),
(132, 'https://pubcdn.ivymoda.com/files/product/thumab/1366/2022/04/15/fea4430febf283723aa74d2213911b64.JPG'),
(132, 'https://pubcdn.ivymoda.com/files/product/thumab/1366/2022/04/15/fe055a53a980d846940def6ab5705be2.JPG'),
(132, 'https://pubcdn.ivymoda.com/files/product/thumab/1366/2022/04/15/af667939567adbce8485c3d64bdc3df5.JPG'),
(133, 'https://pubcdn.ivymoda.com/files/product/thumab/1366/2022/07/18/3e61260098e63308beaa3316fd7836e9.JPG'),
(133, 'https://pubcdn.ivymoda.com/files/product/thumab/1366/2022/07/18/9e7b7d24e13797b468114fcc0885a22a.JPG'),
(133, 'https://pubcdn.ivymoda.com/files/product/thumab/1366/2022/07/18/b8aea8a5e58a1334c9cd1390a9b735d9.JPG'),
(133, 'https://pubcdn.ivymoda.com/files/product/thumab/1366/2022/07/18/889a12fe66628acf80ad27493a7bd3d6.JPG'),
(134, 'https://pubcdn.ivymoda.com/files/product/thumab/1366/2022/07/01/53b7fe9e43016ebf94764fb4b1529862.JPG'),
(134, 'https://pubcdn.ivymoda.com/files/product/thumab/1366/2022/07/01/6f7e41a07276e465dc4bbe0deb5b2534.JPG'),
(134, 'https://pubcdn.ivymoda.com/files/product/thumab/1366/2022/07/01/db3ce83dd4c3fe7e65dc63b0d0166628.JPG'),
(134, 'https://pubcdn.ivymoda.com/files/product/thumab/1366/2022/07/01/738ebad73b9b7a2e728cc92ac64aa563.JPG'),
(135, 'https://pubcdn.ivymoda.com/files/product/thumab/1366/2022/07/01/046efcfacf6afc6bc9c6bb0756329c15.JPG'),
(135, 'https://pubcdn.ivymoda.com/files/product/thumab/1366/2022/07/01/d6a9e14f14a188359222a234f4a32865.JPG'),
(135, 'https://pubcdn.ivymoda.com/files/product/thumab/1366/2022/07/01/5498ea3bcc7a81457425f3d7bd00c942.JPG'),
(136, 'https://pubcdn.ivymoda.com/files/product/thumab/1366/2022/04/15/a01444d72802f2028e45646cd7836b97.JPG'),
(136, 'https://pubcdn.ivymoda.com/files/product/thumab/1366/2022/04/15/02d8d117f9a62ca287d8c7aca34184f1.JPG'),
(136, 'https://pubcdn.ivymoda.com/files/product/thumab/1366/2022/04/15/32d45b6ab1222736fb4fa53f46bdd531.JPG'),
(136, 'https://pubcdn.ivymoda.com/files/product/thumab/1366/2022/04/15/df22033694bfd7a52e76e7e578a0c927.JPG'),
(137, 'https://pubcdn.ivymoda.com/files/product/thumab/1366/2022/04/15/7424f1cbefb6171b9dafd5ce785df171.JPG'),
(137, 'https://pubcdn.ivymoda.com/files/product/thumab/1366/2022/04/15/0d6aad731554d195577461d148b7dda1.JPG'),
(137, 'https://pubcdn.ivymoda.com/files/product/thumab/1366/2022/04/15/3feb86da83df4d11cf8b42fe5ab3355e.JPG'),
(137, 'https://pubcdn.ivymoda.com/files/product/thumab/1366/2022/04/15/b7641f24517218caae966e7dafdccf45.JPG'),
(138, 'https://pubcdn.ivymoda.com/files/product/thumab/1366/2022/04/15/5f2e174b7b0ee0daf3f0d42d02435263.JPG'),
(138, 'https://pubcdn.ivymoda.com/files/product/thumab/1366/2022/04/15/964078c2c7283cfeeb79825cfe38bf3a.JPG'),
(138, 'https://pubcdn.ivymoda.com/files/product/thumab/1366/2022/04/15/dd629f504392e6a1de45f5a5aa2e399d.JPG'),
(138, 'https://pubcdn.ivymoda.com/files/product/thumab/1366/2022/04/15/70e11e4adc4f8349cf5bb53fd484dd97.JPG'),
(139, 'https://pubcdn.ivymoda.com/files/product/thumab/1366/2022/04/15/928c964a67ac6335b97726776c26f1d1.JPG'),
(139, 'https://pubcdn.ivymoda.com/files/product/thumab/1366/2022/04/15/fea4430febf283723aa74d2213911b64.JPG'),
(139, 'https://pubcdn.ivymoda.com/files/product/thumab/1366/2022/04/15/fe055a53a980d846940def6ab5705be2.JPG'),
(139, 'https://pubcdn.ivymoda.com/files/product/thumab/1366/2022/04/15/af667939567adbce8485c3d64bdc3df5.JPG'),
(140, 'https://pubcdn.ivymoda.com/files/product/thumab/1366/2022/07/18/3e61260098e63308beaa3316fd7836e9.JPG'),
(140, 'https://pubcdn.ivymoda.com/files/product/thumab/1366/2022/07/18/9e7b7d24e13797b468114fcc0885a22a.JPG'),
(140, 'https://pubcdn.ivymoda.com/files/product/thumab/1366/2022/07/18/b8aea8a5e58a1334c9cd1390a9b735d9.JPG'),
(140, 'https://pubcdn.ivymoda.com/files/product/thumab/1366/2022/07/18/889a12fe66628acf80ad27493a7bd3d6.JPG'),
(141, 'https://pubcdn.ivymoda.com/files/product/thumab/1366/2022/07/01/53b7fe9e43016ebf94764fb4b1529862.JPG'),
(141, 'https://pubcdn.ivymoda.com/files/product/thumab/1366/2022/07/01/6f7e41a07276e465dc4bbe0deb5b2534.JPG'),
(141, 'https://pubcdn.ivymoda.com/files/product/thumab/1366/2022/07/01/db3ce83dd4c3fe7e65dc63b0d0166628.JPG'),
(141, 'https://pubcdn.ivymoda.com/files/product/thumab/1366/2022/07/01/738ebad73b9b7a2e728cc92ac64aa563.JPG'),
(142, 'https://pubcdn.ivymoda.com/files/product/thumab/1366/2022/07/01/046efcfacf6afc6bc9c6bb0756329c15.JPG'),
(142, 'https://pubcdn.ivymoda.com/files/product/thumab/1366/2022/07/01/d6a9e14f14a188359222a234f4a32865.JPG'),
(142, 'https://pubcdn.ivymoda.com/files/product/thumab/1366/2022/07/01/5498ea3bcc7a81457425f3d7bd00c942.JPG'),
(143, 'https://pubcdn.ivymoda.com/files/product/thumab/1366/2020/12/28/59fce53517e526c5619c792e79cfecad.JPG'),
(143, 'https://pubcdn.ivymoda.com/files/product/thumab/1366/2020/12/28/b544992012b0975f300ba96ddb22baa3.JPG'),
(143, 'https://pubcdn.ivymoda.com/files/product/thumab/1366/2020/12/28/9777d1f5d00874772bb1b2d0fe66f7cf.JPG'),
(143, 'https://pubcdn.ivymoda.com/files/product/thumab/1366/2020/12/28/672b0b1f7404be4843d73f0f4eb98794.JPG'),
(144, 'https://pubcdn.ivymoda.com/files/product/thumab/1366/2020/12/28/b2e0cfe5866e6926056f6c168ef36196.JPG'),
(144, 'https://pubcdn.ivymoda.com/files/product/thumab/1366/2020/12/28/febadc1eb51df37853678ffcb4c8e57e.JPG'),
(144, 'https://pubcdn.ivymoda.com/files/product/thumab/1366/2020/12/28/cf11c5ae1cda5b9b9128a94bfaa11e83.JPG'),
(144, 'https://pubcdn.ivymoda.com/files/product/thumab/1366/2020/12/28/9eba690d9374bebb56093e496242c57e.JPG'),
(145, 'https://pubcdn.ivymoda.com/files/product/thumab/1366/2020/12/28/b69c0ea299d3d1ff333d877558885f92.JPG'),
(145, 'https://pubcdn.ivymoda.com/files/product/thumab/1366/2020/12/28/9eb3b13e00ae23f719bb3fc6f63399cf.JPG'),
(145, 'https://pubcdn.ivymoda.com/files/product/thumab/1366/2020/12/28/e0739f42fe9f0f52563da9d071920fa9.JPG'),
(145, 'https://pubcdn.ivymoda.com/files/product/thumab/1366/2020/12/28/cd754640691e84486bf136eee0570139.JPG'),
(146, 'https://pubcdn.ivymoda.com/files/product/thumab/1366/2020/12/28/7a9c0b22bc312b64509960a8aadaa60e.JPG'),
(146, 'https://pubcdn.ivymoda.com/files/product/thumab/1366/2020/12/28/3f6edc95f76c2c98d355f69f10587c57.JPG'),
(146, 'https://pubcdn.ivymoda.com/files/product/thumab/1366/2020/12/28/a37de471d5d3e3782709acaa6f8bf8bd.JPG'),
(146, 'https://pubcdn.ivymoda.com/files/product/thumab/1366/2020/12/28/7637e1f5082561c139367829c35b0713.JPG'),
(147, 'https://pubcdn.ivymoda.com/files/product/thumab/1366/2020/12/28/9aa154aad51c57d9a1ecdd26eaba0826.JPG'),
(147, 'https://pubcdn.ivymoda.com/files/product/thumab/1366/2020/12/28/4d310532f1c3afa979abb526664fdeee.JPG'),
(147, 'https://pubcdn.ivymoda.com/files/product/thumab/1366/2020/12/28/993f2fc82fb27c66ec24799ba1163ee7.JPG'),
(147, 'https://pubcdn.ivymoda.com/files/product/thumab/1366/2020/12/28/f358e0d3237826115188cf46676792e8.JPG'),
(148, 'https://pubcdn.ivymoda.com/files/product/thumab/1366/2021/02/26/f1154df9f76f35c447eb503b9c05bd91.jpg'),
(148, 'https://pubcdn.ivymoda.com/files/product/thumab/1366/2021/02/26/dbada2d7a84af69ae67a192b0e4c12ea.jpg'),
(148, 'https://pubcdn.ivymoda.com/files/product/thumab/1366/2021/02/26/53153bc36ca41dc8024d0553d764d6f4.jpg'),
(148, 'https://pubcdn.ivymoda.com/files/product/thumab/1366/2021/02/26/afacedaa8d4e3c59ce32d2a73a70e8fc.jpg'),
(149, 'https://pubcdn.ivymoda.com/files/product/thumab/1366/2021/02/26/29bed8ce41a6cc14fd63b89ea5b7a01a.jpg'),
(149, 'https://pubcdn.ivymoda.com/files/product/thumab/1366/2021/02/26/64d653bdd4939f11ee5d3a0fcafbff56.jpg'),
(149, 'https://pubcdn.ivymoda.com/files/product/thumab/1366/2021/02/26/020f87c0d6c41ed4af0f5c0ca88b636d.jpg'),
(150, 'https://pubcdn.ivymoda.com/files/product/thumab/1366/2021/02/26/e98f1d5097396241337956ddfcfd3fac.jpg'),
(150, 'https://pubcdn.ivymoda.com/files/product/thumab/1366/2021/02/26/03fbda8c7bc99d78916ba46ecec3854d.jpg'),
(150, 'https://pubcdn.ivymoda.com/files/product/thumab/1366/2021/02/26/c2163d33210375f03844719919169e79.jpg'),
(151, 'https://pubcdn.ivymoda.com/files/product/thumab/1366/2021/05/17/394516ecc0c3ffb3161572a089ab29cc.jpg'),
(151, 'https://pubcdn.ivymoda.com/files/product/thumab/1366/2021/05/17/563739183eb782ffb4e4aca46418ee7e.jpg'),
(151, 'https://pubcdn.ivymoda.com/files/product/thumab/1366/2021/05/17/a353d7e6a84260abf56d99b480315eee.jpg'),
(151, 'https://pubcdn.ivymoda.com/files/product/thumab/1366/2021/05/17/9049bceec81c27041d88744b33014c5e.jpg'),
(152, 'https://pubcdn.ivymoda.com/files/product/thumab/1366/2021/05/17/d0b57b3af8091d25046fa6add9944a9b.jpg'),
(152, 'https://pubcdn.ivymoda.com/files/product/thumab/1366/2021/05/17/f8bcc9a2a2b61ed8c21a65493fe5856b.jpg'),
(152, 'https://pubcdn.ivymoda.com/files/product/thumab/1366/2021/05/17/04dcf72a03c3d7ef98294bdd15e3f195.jpg'),
(152, 'https://pubcdn.ivymoda.com/files/product/thumab/1366/2021/05/17/98027080686a5b2159a3cd244fe764bf.jpg'),
(153, 'https://pubcdn.ivymoda.com/files/product/thumab/1366/2023/04/05/a3e5256f27af6a6eb6e2b3d4d877402a.jpg'),
(153, 'https://pubcdn.ivymoda.com/files/product/thumab/1366/2023/04/05/338dfc3e1dc3324fb227973c77add6b5.jpg'),
(153, 'https://pubcdn.ivymoda.com/files/product/thumab/1366/2023/04/05/7c335898d46db63d2e7e35cc4302de86.jpg'),
(153, 'https://pubcdn.ivymoda.com/files/product/thumab/1366/2023/04/05/9da7221a4615b00a12fe55a1877c9a82.jpg'),
(154, 'https://pubcdn.ivymoda.com/files/product/thumab/1366/2023/04/05/672035b96263c4846059d458f591a671.jpg'),
(154, 'https://pubcdn.ivymoda.com/files/product/thumab/1366/2023/04/05/67485ee4d4cf08552b2291d032fed0ec.jpg'),
(154, 'https://pubcdn.ivymoda.com/files/product/thumab/1366/2023/04/05/5d8cbe0c7cf52ddb53cb53e58b78eb11.jpg'),
(154, 'https://pubcdn.ivymoda.com/files/product/thumab/1366/2023/04/05/b241121f28000b1ee7a405fd1f34c186.jpg'),
(155, 'https://pubcdn.ivymoda.com/files/product/thumab/1366/2023/04/05/ae22e6834aeb939dea4cc4cd5794a43b.jpg'),
(155, 'https://pubcdn.ivymoda.com/files/product/thumab/1366/2023/04/05/798c7ad57f6268f6cf8c9431ad1ab8a4.jpg'),
(155, 'https://pubcdn.ivymoda.com/files/product/thumab/1366/2023/04/05/b73be4d3177139d40ab814b9af21c21d.jpg'),
(155, 'https://pubcdn.ivymoda.com/files/product/thumab/1366/2023/04/05/a4a8b624916cb5e2076337851d293ecb.jpg'),
(156, 'https://pubcdn.ivymoda.com/files/product/thumab/1366/2022/04/20/f691b4d21b46e0a7dbac181fc89a952d.JPG'),
(156, 'https://pubcdn.ivymoda.com/files/product/thumab/1366/2022/04/20/919ef7d014d92488de6213f1988ad318.JPG'),
(156, 'https://pubcdn.ivymoda.com/files/product/thumab/1366/2022/04/20/c724b947af9d1175cb5c0c652302e489.JPG'),
(156, 'https://pubcdn.ivymoda.com/files/product/thumab/1366/2022/04/20/99ddead04d157bdc2faefab7f2a43232.JPG'),
(157, 'https://pubcdn.ivymoda.com/files/product/thumab/1366/2022/04/20/b08beb5eb3c07b7ca21ca4724c1ce3b8.JPG'),
(157, 'https://pubcdn.ivymoda.com/files/product/thumab/1366/2022/04/20/dd92337e0f76966dc5190f4931de0cb1.JPG'),
(157, 'https://pubcdn.ivymoda.com/files/product/thumab/1366/2022/04/20/4b48e856a8e9806346f29759bd1e2bdd.JPG'),
(157, 'https://pubcdn.ivymoda.com/files/product/thumab/1366/2022/04/20/ce23f497999d54b7db178d41b15d157c.JPG'),
(158, 'https://pubcdn.ivymoda.com/files/product/thumab/1366/2022/04/20/4ae40b8484fda080dddb2e41e8d073e9.JPG'),
(158, 'https://pubcdn.ivymoda.com/files/product/thumab/1366/2022/04/20/21667edfcc56917086f170e16133ae7c.JPG'),
(158, 'https://pubcdn.ivymoda.com/files/product/thumab/1366/2022/04/20/11f88cdf9608d4fcb2fc79eadc88b66e.JPG'),
(158, 'https://pubcdn.ivymoda.com/files/product/thumab/1366/2022/04/20/14e8c8c28246a1054e5bafcf37b8f59d.JPG'),
(159, 'https://pubcdn.ivymoda.com/files/product/thumab/1366/2022/04/20/460c982411cdd0ba8b796ea1687290f0.JPG'),
(159, 'https://pubcdn.ivymoda.com/files/product/thumab/1366/2022/04/20/a3c692e2a4a33d719fdd3020fa522e87.JPG'),
(159, 'https://pubcdn.ivymoda.com/files/product/thumab/1366/2022/04/20/21be7b04270d035b5d4403d7e8ec0553.JPG'),
(159, 'https://pubcdn.ivymoda.com/files/product/thumab/1366/2022/04/20/b6c82e81908d21cb5c62cbf51d0ad18d.JPG'),
(160, 'https://pubcdn.ivymoda.com/files/product/thumab/1366/2022/04/20/f691b4d21b46e0a7dbac181fc89a952d.JPG'),
(160, 'https://pubcdn.ivymoda.com/files/product/thumab/1366/2022/04/20/919ef7d014d92488de6213f1988ad318.JPG'),
(160, 'https://pubcdn.ivymoda.com/files/product/thumab/1366/2022/04/20/c724b947af9d1175cb5c0c652302e489.JPG'),
(160, 'https://pubcdn.ivymoda.com/files/product/thumab/1366/2022/04/20/99ddead04d157bdc2faefab7f2a43232.JPG'),
(161, 'https://pubcdn.ivymoda.com/files/product/thumab/1366/2022/04/20/b08beb5eb3c07b7ca21ca4724c1ce3b8.JPG'),
(161, 'https://pubcdn.ivymoda.com/files/product/thumab/1366/2022/04/20/dd92337e0f76966dc5190f4931de0cb1.JPG'),
(161, 'https://pubcdn.ivymoda.com/files/product/thumab/1366/2022/04/20/4b48e856a8e9806346f29759bd1e2bdd.JPG'),
(161, 'https://pubcdn.ivymoda.com/files/product/thumab/1366/2022/04/20/ce23f497999d54b7db178d41b15d157c.JPG'),
(162, 'https://pubcdn.ivymoda.com/files/product/thumab/1366/2022/04/20/4ae40b8484fda080dddb2e41e8d073e9.JPG'),
(162, 'https://pubcdn.ivymoda.com/files/product/thumab/1366/2022/04/20/21667edfcc56917086f170e16133ae7c.JPG'),
(162, 'https://pubcdn.ivymoda.com/files/product/thumab/1366/2022/04/20/11f88cdf9608d4fcb2fc79eadc88b66e.JPG'),
(162, 'https://pubcdn.ivymoda.com/files/product/thumab/1366/2022/04/20/14e8c8c28246a1054e5bafcf37b8f59d.JPG'),
(163, 'https://pubcdn.ivymoda.com/files/product/thumab/1366/2022/04/20/460c982411cdd0ba8b796ea1687290f0.JPG'),
(163, 'https://pubcdn.ivymoda.com/files/product/thumab/1366/2022/04/20/a3c692e2a4a33d719fdd3020fa522e87.JPG'),
(163, 'https://pubcdn.ivymoda.com/files/product/thumab/1366/2022/04/20/21be7b04270d035b5d4403d7e8ec0553.JPG'),
(163, 'https://pubcdn.ivymoda.com/files/product/thumab/1366/2022/04/20/b6c82e81908d21cb5c62cbf51d0ad18d.JPG'),
(164, 'https://pubcdn.ivymoda.com/files/product/thumab/1366/2023/04/05/ce34d2993b11de60a2b767c4777d7b73.jpg'),
(164, 'https://pubcdn.ivymoda.com/files/product/thumab/1366/2023/04/05/0be4bd0f6688f5284b5299945904d500.jpg'),
(164, 'https://pubcdn.ivymoda.com/files/product/thumab/1366/2023/04/05/536c39a3732d69ae1d41e1db6ad38441.jpg'),
(164, 'https://pubcdn.ivymoda.com/files/product/thumab/1366/2023/04/05/05514ca84804b97f0e388682800eabd6.jpg'),
(165, 'https://pubcdn.ivymoda.com/files/product/thumab/1366/2023/04/05/ed268b2946c9e096019e860c3a1f6ed9.jpg'),
(165, 'https://pubcdn.ivymoda.com/files/product/thumab/1366/2023/04/05/7af518a9589b187902d2cf25eca230a1.jpg'),
(165, 'https://pubcdn.ivymoda.com/files/product/thumab/1366/2023/04/05/48ca98aeb6bcc275fd9df979e3bac268.jpg'),
(165, 'https://pubcdn.ivymoda.com/files/product/thumab/1366/2023/04/05/113ea8f9650a7640939453be28ed02c6.jpg'),
(166, 'https://pubcdn.ivymoda.com/files/product/thumab/1366/2023/04/05/c51bed4e0f5501e688ba67041f44ff40.jpg'),
(166, 'https://pubcdn.ivymoda.com/files/product/thumab/1366/2023/04/05/fd5a0cc16a2a6d00b3eb113d858e112a.jpg'),
(166, 'https://pubcdn.ivymoda.com/files/product/thumab/1366/2023/04/05/b6a04fc0c30018903d799196c8f2f89e.jpg'),
(166, 'https://pubcdn.ivymoda.com/files/product/thumab/1366/2023/04/05/91dc79bdf001a13baae6bc920054ea49.jpg'),
(167, 'https://pubcdn.ivymoda.com/files/product/thumab/1366/2021/09/27/ff9a166ca9e389a25a917a46b2f5d6ce.JPG'),
(167, 'https://pubcdn.ivymoda.com/files/product/thumab/1366/2021/09/27/62aacd664293521e71ebe3b36b81fae3.JPG'),
(167, 'https://pubcdn.ivymoda.com/files/product/thumab/1366/2021/09/27/7f2bc3bd1432f64621cdc187b9169e52.JPG'),
(167, 'https://pubcdn.ivymoda.com/files/product/thumab/1366/2021/09/27/8ec6c538695bd8514962d603d2357689.JPG'),
(168, 'https://pubcdn.ivymoda.com/files/product/thumab/1366/2021/09/27/021ce5acd178d8f1f0a16b7bb915b053.JPG'),
(168, 'https://pubcdn.ivymoda.com/files/product/thumab/1366/2021/09/27/4260d89275db02641967be153d26241e.JPG'),
(168, 'https://pubcdn.ivymoda.com/files/product/thumab/1366/2021/09/27/c1a8cabc518bf4e0d03fdf4c3e25f1ee.JPG'),
(168, 'https://pubcdn.ivymoda.com/files/product/thumab/1366/2021/09/27/0f5ad7fb6b12a55c5881bccf664b6576.JPG');

CREATE TABLE KichCo (
    idKC INT AUTO_INCREMENT PRIMARY KEY,
    idSanPham INT,
    size NVARCHAR(200),
    soLuong INT,
	CONSTRAINT FK_KichCo_SanPham FOREIGN KEY (idSanPham) REFERENCES SanPham(idSanPham)
);

INSERT INTO KichCo(idSanPham, size, soLuong) VALUES
(1, 'S', 10),
(1, 'M', 120),
(1, 'L', 500),
(1, 'XL', 80),
(2, 'S', 160),
(2, 'M', 250),
(2, 'L', 150),
(2, 'XL', 120),
(3, 'S', 100),
(3, 'M', 100),
(3, 'L', 100),
(3, 'XL', 100),
(4, 'S', 100),
(4, 'M', 100),
(4, 'L', 100),
(4, 'XL', 100),
(5, 'S', 100),
(5, 'M', 100),
(5, 'L', 100),
(5, 'XL', 100),
(6, 'S', 100),
(6, 'M', 100),
(6, 'L', 100),
(6, 'XL', 100),
(7, 'S', 100),
(7, 'M', 100),
(7, 'L', 100),
(7, 'XL', 100),
(8, 'S', 100),
(8, 'M', 100),
(8, 'L', 100),
(8, 'XL', 100),
(9, 'S', 0),
(9, 'M', 100),
(9, 'L', 100),
(9, 'XL', 0),
(10, 'S', 100),
(10, 'M', 100),
(10, 'L', 100),
(10, 'XL', 100),
(11, 'S', 100),
(11, 'M', 10),
(11, 'L', 100),
(11, 'XL', 0),
(12, 'S', 100),
(12, 'M', 100),
(12, 'L', 100),
(12, 'XL', 100),
(13, 'S', 350),
(13, 'M', 200),
(13, 'L', 100),
(13, 'XL', 100),
(14, 'S', 100),
(14, 'M', 100),
(14, 'L', 100),
(14, 'XL', 0),
(15, 'S', 100),
(15, 'M', 100),
(15, 'L', 100),
(15, 'XL', 100),
(16, 'S', 100),
(16, 'M', 100),
(16, 'L', 100),
(16, 'XL', 100),
(17, 'S', 100),
(17, 'M', 100),
(17, 'L', 100),
(17, 'XL', 100),
(18, 'S', 100),
(18, 'M', 100),
(18, 'L', 100),
(18, 'XL', 100),
(19, 'S', 100),
(19, 'M', 100),
(19, 'L', 100),
(19, 'XL', 100),
(20, 'S', 100),
(20, 'M', 100),
(20, 'L', 100),
(20, 'XL', 100),
(21, 'S', 100),
(21, 'M', 100),
(21, 'L', 100),
(21, 'XL', 100),
(22, 'S', 100),
(22, 'M', 100),
(22, 'L', 100),
(22, 'XL', 100),
(23, 'S', 100),
(23, 'M', 100),
(23, 'L', 100),
(23, 'XL', 100),
(24, 'S', 100),
(24, 'M', 100),
(24, 'L', 100),
(24, 'XL', 100),
(25, 'S', 100),
(25, 'M', 100),
(25, 'L', 100),
(25, 'XL', 100),
(26, 'S', 100),
(26, 'M', 100),
(26, 'L', 100),
(26, 'XL', 100),
(27, 'S', 0),
(27, 'M', 100),
(27, 'L', 100),
(27, 'XL', 100),
(28, 'S', 100),
(28, 'M', 100),
(28, 'L', 100),
(28, 'XL', 100),
(29, 'S', 100),
(29, 'M', 100),
(29, 'L', 100),
(29, 'XL', 100),
(30, 'S', 100),
(30, 'M', 100),
(30, 'L', 100),
(30, 'XL', 100),
(31, 'S', 100),
(31, 'M', 100),
(31, 'L', 100),
(31, 'XL', 100),
(32, 'S', 100),
(32, 'M', 100),
(32, 'L', 100),
(32, 'XL', 100),
(33, 'S', 100),
(33, 'M', 100),
(33, 'L', 100),
(33, 'XL', 100),
(34, 'S', 100),
(34, 'M', 100),
(34, 'L', 100),
(34, 'XL', 100),
(35, 'S', 100),
(35, 'M', 100),
(35, 'L', 100),
(35, 'XL', 100),
(36, 'S', 0),
(36, 'M', 100),
(36, 'L', 100),
(36, 'XL', 100),
(37, 'S', 100),
(37, 'M', 100),
(37, 'L', 100),
(37, 'XL', 100),
(38, 'S', 100),
(38, 'M', 100),
(38, 'L', 100),
(38, 'XL', 100),
(39, 'S', 100),
(39, 'M', 100),
(39, 'L', 100),
(39, 'XL', 100),
(40, 'S', 0),
(40, 'M', 100),
(40, 'L', 100),
(40, 'XL', 100),
(41, 'S', 100),
(41, 'M', 100),
(41, 'L', 100),
(41, 'XL', 100),
(42, 'S', 100),
(42, 'M', 100),
(42, 'L', 100),
(42, 'XL', 100),
(43, 'S', 100),
(43, 'M', 100),
(43, 'L', 160),
(43, 'XL', 100),
(44, 'S', 100),
(44, 'M', 100),
(44, 'L', 180),
(44, 'XL', 100),
(45, 'S', 100),
(45, 'M', 100),
(45, 'L', 100),
(45, 'XL', 100),
(46, 'S', 100),
(46, 'M', 100),
(46, 'L', 100),
(46, 'XL', 100),
(47, 'S', 100),
(47, 'M', 100),
(47, 'L', 100),
(47, 'XL', 100),
(48, 'S', 100),
(48, 'M', 100),
(48, 'L', 100),
(48, 'XL', 100),
(49, 'S', 100),
(49, 'M', 100),
(49, 'L', 100),
(49, 'XL', 100),
(50, 'S', 100),
(50, 'M', 100),
(50, 'L', 100),
(50, 'XL', 100),
(51, 'S', 100),
(51, 'M', 100),
(51, 'L', 100),
(51, 'XL', 100),
(52, 'S', 100),
(52, 'M', 100),
(52, 'L', 100),
(52, 'XL', 100),
(53, 'S', 100),
(53, 'M', 100),
(53, 'L', 100),
(53, 'XL', 100),
(54, 'S', 100),
(54, 'M', 100),
(54, 'L', 100),
(54, 'XL', 100),
(55, 'S', 100),
(55, 'M', 100),
(55, 'L', 100),
(55, 'XL', 100),
(56, 'S', 100),
(56, 'M', 100),
(56, 'L', 100),
(56, 'XL', 100),
(57, 'S', 100),
(57, 'M', 100),
(57, 'L', 100),
(57, 'XL', 100),
(58, 'S', 120),
(58, 'M', 140),
(58, 'L', 160),
(58, 'XL', 100),
(59, 'S', 100),
(59, 'M', 100),
(59, 'L', 100),
(59, 'XL', 100),
(60, 'S', 100),
(60, 'M', 100),
(60, 'L', 100),
(60, 'XL', 100),
(61, 'S', 100),
(61, 'M', 100),
(61, 'L', 100),
(61, 'XL', 100),
(62, 'S', 100),
(62, 'M', 100),
(62, 'L', 100),
(62, 'XL', 100),
(63, 'S', 100),
(63, 'M', 100),
(63, 'L', 100),
(63, 'XL', 100),
(64, 'S', 100),
(64, 'M', 100),
(64, 'L', 100),
(64, 'XL', 100),
(65, 'S', 100),
(65, 'M', 100),
(65, 'L', 100),
(65, 'XL', 100),
(66, 'S', 100),
(66, 'M', 100),
(66, 'L', 100),
(66, 'XL', 100),
(67, 'S', 100),
(67, 'M', 100),
(67, 'L', 100),
(67, 'XL', 100),
(68, 'S', 100),
(68, 'M', 100),
(68, 'L', 100),
(68, 'XL', 100),
(69, 'S', 100),
(69, 'M', 100),
(69, 'L', 100),
(69, 'XL', 100),
(70, 'S', 100),
(70, 'M', 100),
(70, 'L', 100),
(70, 'XL', 100),
(71, 'S', 100),
(71, 'M', 100),
(71, 'L', 100),
(71, 'XL', 100),
(72, 'S', 100),
(72, 'M', 100),
(72, 'L', 100),
(72, 'XL', 100),
(73, 'S', 100),
(73, 'M', 100),
(73, 'L', 100),
(73, 'XL', 100),
(74, 'S', 100),
(74, 'M', 100),
(74, 'L', 100),
(74, 'XL', 100),
(75, 'S', 100),
(75, 'M', 100),
(75, 'L', 100),
(75, 'XL', 100),
(76, 'S', 100),
(76, 'M', 100),
(76, 'L', 100),
(76, 'XL', 100),
(77, 'S', 100),
(77, 'M', 100),
(77, 'L', 100),
(77, 'XL', 100),
(78, 'S', 100),
(78, 'M', 100),
(78, 'L', 100),
(78, 'XL', 100),
(79, 'S', 100),
(79, 'M', 100),
(79, 'L', 100),
(79, 'XL', 100),
(80, 'S', 100),
(80, 'M', 100),
(80, 'L', 100),
(80, 'XL', 100),
(81, 'S', 100),
(81, 'M', 100),
(81, 'L', 100),
(81, 'XL', 100),
(82, 'S', 100),
(82, 'M', 100),
(82, 'L', 100),
(82, 'XL', 100),
(83, 'S', 100),
(83, 'M', 100),
(83, 'L', 100),
(83, 'XL', 100),
(84, 'S', 100),
(84, 'M', 100),
(84, 'L', 100),
(84, 'XL', 100),
(85, 'S', 100),
(85, 'M', 100),
(85, 'L', 100),
(85, 'XL', 100),
(86, 'S', 100),
(86, 'M', 100),
(86, 'L', 100),
(86, 'XL', 100),
(87, 'S', 100),
(87, 'M', 100),
(87, 'L', 100),
(87, 'XL', 100),
(88, 'S', 100),
(88, 'M', 100),
(88, 'L', 100),
(88, 'XL', 100),
(89, 'S', 100),
(89, 'M', 100),
(89, 'L', 100),
(89, 'XL', 100),
(90, 'S', 100),
(90, 'M', 100),
(90, 'L', 100),
(90, 'XL', 100),
(91, 'S', 100),
(91, 'M', 100),
(91, 'L', 100),
(91, 'XL', 100),
(92, 'S', 100),
(92, 'M', 100),
(92, 'L', 100),
(92, 'XL', 100),
(93, 'S', 100),
(93, 'M', 100),
(93, 'L', 100),
(93, 'XL', 100),
(94, 'S', 100),
(94, 'M', 100),
(94, 'L', 100),
(94, 'XL', 100),
(95, 'S', 100),
(95, 'M', 100),
(95, 'L', 100),
(95, 'XL', 100),
(96, 'S', 100),
(96, 'M', 100),
(96, 'L', 100),
(96, 'XL', 100),
(97, 'S', 100),
(97, 'M', 100),
(97, 'L', 100),
(97, 'XL', 100),
(98, 'S', 100),
(98, 'M', 100),
(98, 'L', 100),
(98, 'XL', 100),
(99, 'S', 100),
(99, 'M', 100),
(99, 'L', 100),
(99, 'XL', 100),
(100, 'S', 100),
(100, 'M', 100),
(100, 'L', 100),
(100, 'XL', 100),
(101, 'S', 100),
(101, 'M', 100),
(101, 'L', 100),
(101, 'XL', 100),
(102, 'S', 100),
(102, 'M', 100),
(102, 'L', 100),
(102, 'XL', 100),
(103, 'S', 100),
(103, 'M', 100),
(103, 'L', 100),
(103, 'XL', 100),
(104, 'S', 100),
(104, 'M', 100),
(104, 'L', 100),
(104, 'XL', 100),
(105, 'S', 100),
(105, 'M', 100),
(105, 'L', 100),
(105, 'XL', 100),
(106, 'S', 100),
(106, 'M', 100),
(106, 'L', 100),
(106, 'XL', 100),
(107, 'S', 100),
(107, 'M', 100),
(107, 'L', 100),
(107, 'XL', 100),
(108, 'S', 100),
(108, 'M', 100),
(108, 'L', 100),
(108, 'XL', 100),
(109, 'S', 100),
(109, 'M', 100),
(109, 'L', 100),
(109, 'XL', 100),
(110, 'S', 100),
(110, 'M', 100),
(110, 'L', 100),
(110, 'XL', 100),
(111, 'S', 100),
(111, 'M', 100),
(111, 'L', 100),
(111, 'XL', 100),
(112, 'S', 100),
(112, 'M', 100),
(112, 'L', 100),
(112, 'XL', 100),
(113, 'S', 100),
(113, 'M', 100),
(113, 'L', 100),
(113, 'XL', 100),
(114, 'S', 100),
(114, 'M', 100),
(114, 'L', 100),
(114, 'XL', 100),
(115, 'S', 100),
(115, 'M', 100),
(115, 'L', 100),
(115, 'XL', 100),
(116, 'S', 100),
(116, 'M', 100),
(116, 'L', 100),
(116, 'XL', 100),
(117, 'S', 100),
(117, 'M', 100),
(117, 'L', 100),
(117, 'XL', 100),
(118, 'S', 100),
(118, 'M', 100),
(118, 'L', 100),
(118, 'XL', 100),
(119, 'S', 100),
(119, 'M', 100),
(119, 'L', 100),
(119, 'XL', 100),
(120, 'S', 100),
(120, 'M', 100),
(120, 'L', 100),
(120, 'XL', 100),
(121, 'S', 100),
(121, 'M', 100),
(121, 'L', 100),
(121, 'XL', 100),
(122, 'S', 100),
(122, 'M', 100),
(122, 'L', 100),
(122, 'XL', 100),
(123, 'S', 100),
(123, 'M', 100),
(123, 'L', 100),
(123, 'XL', 100),
(124, 'S', 100),
(124, 'M', 100),
(124, 'L', 100),
(124, 'XL', 100),
(125, 'S', 100),
(125, 'M', 100),
(125, 'L', 100),
(125, 'XL', 100),
(126, 'S', 100),
(126, 'M', 100),
(126, 'L', 100),
(126, 'XL', 100),
(127, 'S', 100),
(127, 'M', 100),
(127, 'L', 100),
(127, 'XL', 100),
(128, 'S', 100),
(128, 'M', 100),
(128, 'L', 100),
(128, 'XL', 100),
(129, 'S', 100),
(129, 'M', 100),
(129, 'L', 100),
(129, 'XL', 100),
(130, 'S', 100),
(130, 'M', 100),
(130, 'L', 100),
(130, 'XL', 100),
(131, 'S', 100),
(131, 'M', 100),
(131, 'L', 100),
(131, 'XL', 100),
(132, 'S', 100),
(132, 'M', 100),
(132, 'L', 100),
(132, 'XL', 100),
(133, 'S', 100),
(133, 'M', 100),
(133, 'L', 100),
(133, 'XL', 100),
(134, 'S', 100),
(134, 'M', 100),
(134, 'L', 100),
(134, 'XL', 100),
(135, 'S', 100),
(135, 'M', 100),
(135, 'L', 100),
(135, 'XL', 100),
(136, 'S', 100),
(136, 'M', 100),
(136, 'L', 100),
(136, 'XL', 100),
(137, 'S', 100),
(137, 'M', 100),
(137, 'L', 100),
(137, 'XL', 100),
(138, 'S', 100),
(138, 'M', 100),
(138, 'L', 100),
(138, 'XL', 100),
(139, 'S', 100),
(139, 'M', 100),
(139, 'L', 100),
(139, 'XL', 100),
(140, 'S', 100),
(140, 'M', 100),
(140, 'L', 100),
(140, 'XL', 100),
(141, 'S', 100),
(141, 'M', 100),
(141, 'L', 100),
(141, 'XL', 100),
(142, 'S', 100),
(142, 'M', 100),
(142, 'L', 100),
(142, 'XL', 100),
(143, 'S', 100),
(143, 'M', 100),
(143, 'L', 100),
(143, 'XL', 100),
(144, 'S', 100),
(144, 'M', 100),
(144, 'L', 100),
(144, 'XL', 100),
(145, 'S', 100),
(145, 'M', 100),
(145, 'L', 100),
(145, 'XL', 100),
(146, 'S', 100),
(146, 'M', 100),
(146, 'L', 100),
(146, 'XL', 100),
(147, 'S', 100),
(147, 'M', 100),
(147, 'L', 100),
(147, 'XL', 100),
(148, 'S', 100),
(148, 'M', 100),
(148, 'L', 100),
(148, 'XL', 100),
(149, 'S', 100),
(149, 'M', 100),
(149, 'L', 100),
(149, 'XL', 100),
(150, 'S', 100),
(150, 'M', 100),
(150, 'L', 100),
(150, 'XL', 100),
(151, 'S', 100),
(151, 'M', 100),
(151, 'L', 100),
(151, 'XL', 100),
(152, 'S', 100),
(152, 'M', 100),
(152, 'L', 100),
(152, 'XL', 100),
(153, 'S', 100),
(153, 'M', 100),
(153, 'L', 100),
(153, 'XL', 100),
(154, 'S', 100),
(154, 'M', 100),
(154, 'L', 100),
(154, 'XL', 100),
(155, 'S', 100),
(155, 'M', 100),
(155, 'L', 100),
(155, 'XL', 100),
(156, 'S', 100),
(156, 'M', 100),
(156, 'L', 100),
(156, 'XL', 100),
(157, 'S', 100),
(157, 'M', 100),
(157, 'L', 100),
(157, 'XL', 100),
(158, 'S', 100),
(158, 'M', 100),
(158, 'L', 100),
(158, 'XL', 100),
(159, 'S', 100),
(159, 'M', 100),
(159, 'L', 100),
(159, 'XL', 100),
(160, 'S', 100),
(160, 'M', 100),
(160, 'L', 100),
(160, 'XL', 100),
(161, 'S', 100),
(161, 'M', 100),
(161, 'L', 100),
(161, 'XL', 100),
(162, 'S', 100),
(162, 'M', 100),
(162, 'L', 100),
(162, 'XL', 100),
(163, 'S', 100),
(163, 'M', 100),
(163, 'L', 100),
(163, 'XL', 100),
(164, 'S', 100),
(164, 'M', 100),
(164, 'L', 100),
(164, 'XL', 100),
(165, 'S', 100),
(165, 'M', 100),
(165, 'L', 100),
(165, 'XL', 100),
(166, 'S', 100),
(166, 'M', 100),
(166, 'L', 100),
(166, 'XL', 100),
(167, 'S', 100),
(167, 'M', 100),
(167, 'L', 100),
(167, 'XL', 100),
(168, 'S', 100),
(168, 'M', 100),
(168, 'L', 100),
(168, 'XL', 100);


CREATE TABLE DanhSachHoaDon (
    idDSHD INT UNSIGNED AUTO_INCREMENT PRIMARY KEY,
    idSanPham INT,
    soDienThoaiKH VARCHAR(200),
    idNhanVien INT UNSIGNED,
    ngayBan NVARCHAR(200),
    CONSTRAINT FK_DSHD_SanPham FOREIGN KEY (idSanPham) REFERENCES SanPham(idSanPham),
	CONSTRAINT FK_DSHD_KH FOREIGN KEY (soDienThoaiKH) REFERENCES KhachHang(sdt),
    CONSTRAINT FK_DSHD_NV FOREIGN KEY (idNhanVien) REFERENCES NhanVien(idNhanVien)
);


CREATE TABLE ChiTietHoaDon (
    idHoaDon INT PRIMARY KEY REFERENCES DanhSachHoaDon(idDSHD),
    idSanPham INT,
    soLuong INT,
   --  CONSTRAINT FK_CTHD_DSHD FOREIGN KEY (idHoaDon) REFERENCES NhanVien(idDSHD)
    CONSTRAINT FK_CTHD_NV FOREIGN KEY (idSanPham) REFERENCES SanPham(idSanPham)
);


CREATE TABLE DatHang (
    idHoaDon INT PRIMARY KEY REFERENCES DanhSachHoaDon(idDSHD),
    diaChiNhanHang VARCHAR(1000),
    soDienThoaiNhanHang VARCHAR(200),
    hinhThucThanhToan VARCHAR(200)
);


CREATE TABLE GioHang (
    idGH INT UNSIGNED AUTO_INCREMENT PRIMARY KEY,
    soDienThoaiKH VARCHAR(200),
    idSanPham INT,
    soLuong int,
    CONSTRAINT FK_GioHang_KH FOREIGN KEY (soDienThoaiKH) REFERENCES KhachHang(sdt),
    CONSTRAINT FK_GioHang_SP FOREIGN KEY (idSanPham) REFERENCES SanPham(idSanPham)
);
