CREATE TABLE Account (
    username NVARCHAR(200) PRIMARY KEY,
    password NVARCHAR(200),
    hoatDong NVARCHAR(200),
    chucvu NVARCHAR(200)
);
INSERT INTO Account (username, password, hoatDong, chucvu) VALUES
('0123456789', '123456', 1, N'Khách hàng'),
('0987654321', 'abcdef', 1, N'Khách hàng'),
('0932123456', 'ghijkl', 0, N'Nhân viên'),
('0911122334', 'mnopqr', 1, N'Nhân viên'),
('0977245698', 'stuvwx', 1, N'Nhân viên'),
('0988112233', 'yzabcd', 0, N'Nhân viên'),
('0969357021', 'efghij', 1, N'Khách hàng'),
('0945678901', 'klmnop', 1, N'Khách hàng'),
('0978112233', 'qrstuv', 0, N'Khách hàng'),
('0932123455', 'wxyzab', 1, N'Khách hàng');


CREATE TABLE KhachHang (
    sdt NVARCHAR(200) PRIMARY KEY REFERENCES Account(username),
    tenKhachHang NVARCHAR(200),
    diaChi NVARCHAR(200),
    email NVARCHAR(200),
    gioiTinh NVARCHAR(200),
	CONSTRAINT FK_KhachHang_Account FOREIGN KEY (sdt) REFERENCES Account(username)
);
INSERT INTO KhachHang (sdt, tenKhachHang, diaChi, email, gioiTinh) VALUES
('0123456789', N'Nguyễn Thị Lan', N'123 Đường 1, Quận 2, TP. HCM', 'lannguyen@example.com', N'Nữ'),
('0987654321', N'Trần Văn An', N'456 Đường 2, Quận 1, TP. HCM', 'antran@example.com', N'Nam'),
('0969357021', N'Lê Thị Minh', N'789 Đường 3, Quận 3, TP. HCM', 'minhle@example.com', N'Nữ'),
('0945678901', N'Phạm Văn Thắng', N'246 Đường 4, Quận 4, TP. HCM', 'thangpham@example.com', N'Nam'),
('0978112233', N'Vũ Thị Huệ', N'579 Đường 5, Quận 5, TP. HCM', 'huevu@example.com', 'Nữ'),
('0932123455', N'Nguyễn Văn Đạt', N'246 Đường 6, Quận 6, TP. HCM', 'datnguyen@example.com', N'Nam')

CREATE TABLE NhanVien (
    idNhanVien INT PRIMARY KEY IDENTITY(1,1),
    username NVARCHAR(200) FOREIGN KEY REFERENCES Account(username),
    tenNhanVien NVARCHAR(200),
    soDienThoai NVARCHAR(200),
    diaChi NVARCHAR(200),
    email NVARCHAR(200),
    CONSTRAINT FK_NhanVien_Account FOREIGN KEY (username) REFERENCES Account(username)
);
INSERT INTO NhanVien (username, tenNhanVien, soDienThoai, diaChi, email) VALUES
('0911122334', N'Nguyễn Văn Anh', '0911122334', N'Hà Nội', 'nguyenvana@gmail.com'),
('0932123456', N'Trần Thị Bình', '0932123456', N'Hồ Chí Minh', 'tranthib@gmail.com'),
('0977245698', N'Lê Văn Kiên', '0977245698', N'Đà Nẵng', 'levanc@gmail.com'),
('0988112233', N'Phạm Thị Lý', '0988112233', N'Hải Phòng', 'phamthid@gmail.com')


CREATE TABLE ChucVu (
    idNhanVien INT FOREIGN KEY REFERENCES NhanVien(idNhanVien),
    tenChucVu NVARCHAR(200),
    moTa NVARCHAR(MAX),
    PRIMARY KEY (idNhanVien, tenChucVu),
	CONSTRAINT FK_ChucVu_NhanVien FOREIGN KEY (idNhanVien) REFERENCES NhanVien(idNhanVien)
);
INSERT INTO ChucVu (idNhanVien, tenChucVu, moTa) VALUES
(1,N'Nhân viên bán hàng', ''),
(2, N'Nhân viên bán hàng', ''),
(3, N'Nhân vien bán hàng', ''),
(4, N'Nhân viên kho hàng', '')

CREATE TABLE DanhMucSanPham (
    idDanhMucSanPham INT PRIMARY KEY,
    theloai Nvarchar(200),
    tenLoaiSanPham NVARCHAR(200)
);

INSERT INTO DanhMucSanPham(idDanhMucSanPham, theloai, tenLoaiSanPham) VALUES
(1, 'nu_ao', N'Áo sơ mi'),
(2, 'nu_ao', N'Áo thun'),
(3, 'nu_ao', N'Áo kiểu'),
(4, 'nu_ao', N'Áo thun dài tay'),
(5, 'nu_ao', N'Áo  peplum'),
(6, 'nu_ao', N'Áo len'),
(7, 'nu_aoKhoac', N'Áo khoác'),
(8, 'nu_aoKhoac', N'Áo dạ'),
(9, 'nu_aoKhoac', N'Áo măng tô'),
(10, 'nu_quan', N'Quần dài'),
(11, 'nu_quan', N'Quần lửng'),
(12, 'nu_quan', N'Quần baggy'),
(13, 'nu_chanVay', N'Chân váy'),
(14, 'nu_chanVay', N'Quần váy xếp ly'),
(15, 'nu_dam', N'Đầm'),
(16, 'nu_dam', N'Đầm thun'),
(17, 'nu_dam', N'Đầm dạ hội'),
(18, 'nu_doLot', N'Áo bra'),
(19, 'nu_doLot', N'Quần lót'),
(20, 'nam_ao', N'Áo thun'),
(21, 'nam_ao', N'Áo khoác'),
(22, 'nam_ao', N'Áo polo'),
(23, 'nam_ao', N'Áo sơ mi'),
(24, 'nam_ao', N'Áo len'),
(25, 'nam_quan', N'Quần jeans'),
(26, 'nam_quan', N'Quần lửng/short'),
(27, 'nam_quan', N'Quần dài'),
(28, 'nam_giayDep', N'Giày/Dép'),
(29, 'nam_phuKien', N'Phụ Kiện'),
(30, 'treEm_beGai', N'Áo bé gái'),
(31, 'treEm_beGai', N'Quần bé gái'),
(32, 'treEm_beGai', N'Váy bé gái'),
(33, 'treEm_beGai', N'Phụ kiện bé gái'),
(34, 'treEm_beGai', N'Áo bé trai'),
(35, 'treEm_beGai', N'Quần bé trai'),
(36, 'treEm_beGai', N'Phụ kiện bé trai')

CREATE TABLE Mau (
    idMau INT PRIMARY KEY,
    mau NVARCHAR(200)
);
INSERT INTO Mau(idMau, mau) VALUES
(1, 'red'),
(2, 'yellow'),
(3, 'green'),
(4, 'white'),
(5, 'brown'),
(6, 'pink'),
(7, 'blue'),
(8, 'orange'),
(9, 'black'),
(10, 'violet'),
(11, 'silver'),

CREATE TABLE SanPham (
    idSanPham INT PRIMARY KEY,
    idDanhMucSanPham INT FOREIGN KEY REFERENCES DanhMucSanPham(idDanhMucSanPham),
    idMau INT FOREIGN KEY REFERENCES Mau(idMau),
    img NVARCHAR(MAX),
    title NVARCHAR(200),
    giaBan FLOAT,
    giamGia FLOAT,
    moTa NVARCHAR(MAX),
    ngayNhap NVARCHAR(200),
	CONSTRAINT FK_SanPham_DanhMuc FOREIGN KEY (idDanhMucSanPham) REFERENCES DanhMucSanPham(idDanhMucSanPham),
	CONSTRAINT FK_SanPham_Mau FOREIGN KEY (idMau) REFERENCES Mau(idMau)
);
INSERT INTO SanPham(idSanPham, idDanhMucSanPham, idMau, img, title, giaBan, giamGia, moTa, ngayNhap) VALUES
(1, 1, 8, 'https://pubcdn.ivymoda.com/files/product/thumab/400/2022/08/01/52afea65c30d77c662352ddfa23f874e.jpg', N'ÁO SƠ MI TENCEL DÂY RÚT EO', 990000, 190000, N'Áo sơ mi tay ngắn. Eo chiết dáng peplum có dây kéo rút dễ dàng điều chỉnh.', '2021-08-12'),
(2, 1, 2, 'https://pubcdn.ivymoda.com/files/product/thumab/400/2022/08/01/69ddae4163640f7806dc298bf56f4a8b.jpg', N'ÁO SƠ MI TENCEL DÂY RÚT EO', 990000, 190000, N'Áo sơ mi tay ngắn. Eo chiết dáng peplum có dây kéo rút dễ dàng điều chỉnh.', '2021-08-12'),
(3, 1, 4, 'https://pubcdn.ivymoda.com/files/product/thumab/400/2023/04/03/750a902c84b59150ad5731690046588d.jpg', N'ÁO SƠ MI PHỐI DÂY RÚT EO', 1190000, 190000, N'ÁO SƠ MI PHỐI DÂY RÚT EO. Eo chiết dáng peplum có dây kéo rút dễ dàng điều chỉnh.', '2021-08-12'),
(4, 1, 7, 'https://pubcdn.ivymoda.com/files/product/thumab/400/2023/04/03/cde1337ee7bfb524f4d50e36f29b9432.jpg', N'ÁO SƠ MI PHỐI DÂY RÚT EO', 1190000, 190000, N'ÁO SƠ MI PHỐI DÂY RÚT EO. Eo chiết dáng peplum có dây kéo rút dễ dàng điều chỉnh.', '2021-08-12'),
(5, 1, 3, 'https://pubcdn.ivymoda.com/files/product/thumab/400/2023/04/03/09c34ccc8754f937233800f2d143a5aa.jpg', N'SƠ MI HỌA TIẾT REN', 1090000, 290000, N'SƠ MI HỌA TIẾT REN chất liệu cao cấp, kiểu dáng thoải mái', '2021-08-12'),
(6, 1, 5, 'https://pubcdn.ivymoda.com/files/product/thumab/400/2023/04/03/09c34ccc8754f937233800f2d143a5aa.jpg', N'SƠ MI HỌA TIẾT REN', 1090000, 290000, N'SƠ MI HỌA TIẾT REN chất liệu cao cấp, kiểu dáng thoải mái', '2021-08-12'),
(7, 1, 6, 'https://pubcdn.ivymoda.com/files/product/thumab/400/2023/03/20/e6268445500f82b2f1bfe1b9679e62cd.jpg', N'ÁO SƠ MI TENCEL DÁNG OVERSIZE', 1590000, 390000, N'ÁO SƠ MI TENCEL DÁNG OVERSIZEE', '2021-08-12'),
(8, 1, 10, 'https://pubcdn.ivymoda.com/files/product/thumab/400/2023/03/20/371e882f5333de4765b96874020047de.jpg', N'ÁO SƠ MI TENCEL DÁNG OVERSIZE', 1590000, 390000, N'ÁO SƠ MI TENCEL DÁNG OVERSIZEE', '2021-08-12'),
(9, 1, 6, 'https://pubcdn.ivymoda.com/files/product/thumab/1366/2023/03/20/0908b78976ae8f6f842f3067b6b22e67.jpg', N'ÁO SƠ MI TAY LỬNG THẮT NƠ', 950000, 150000, N'Áo kiểu dáng suông, tay lỡ, cổ đức cài khuy.', '2021-08-12'),
(10, 1, 9, 'https://pubcdn.ivymoda.com/files/product/thumab/1366/2023/03/24/98cc6e6c2c88f5e43760103411050089.jpg', N'ÁO SƠ MI TAY LỬNG THẮT NƠ', 950000, 150000, N'Áo kiểu dáng suông, tay lỡ, cổ đức cài khuy.', '2021-08-12'),
(11, 2, 4, 'https://pubcdn.ivymoda.com/files/product/thumab/400/2022/08/01/061a126a9744b7c0cdd0b8db81f2d83e.jpg', N'ÁO THUN HỌA TIẾT NỔI', 650000, 50000, N'Áo thun cổ tròn, tay ngắn. Dáng áo suông.', '2021-08-12'),
(12, 2, 8, 'https://pubcdn.ivymoda.com/files/product/thumab/1366/2022/08/01/fdf7cba059f758a2c76292d206fa3999.jpg', N'ÁO THUN HỌA TIẾT NỔI', 650000, 50000, N'Áo thun cổ tròn, tay ngắn. Dáng áo suông.', '2021-08-12'),
(13, 2, 9, 'https://pubcdn.ivymoda.com/files/product/thumab/400/2022/07/22/0685199ea947a349b9310bf6bbd30a29.JPG', N'ÁO THUN DÂY RÚT 2 BÊN EO', 590000, 90000, N'Áo thun dây rút 2 bên eo cách điệu. Tay cánh dơi. Dáng áo ngắn, suông. ', '2021-08-12'),
(14, 2, 2, 'https://pubcdn.ivymoda.com/files/product/thumab/1366/2022/07/14/19ec266ec2513c1e538e0fd4454b9991.jpg', N'ÁO THUN DÂY RÚT 2 BÊN EO', 590000, 90000, N'Áo thun dây rút 2 bên eo cách điệu. Tay cánh dơi. Dáng áo ngắn, suông. ', '2021-08-12'),
(15, 2, 2, 'https://pubcdn.ivymoda.com/files/product/thumab/400/2022/07/14/9b5c3e906fc3d824af0d2db965826d94.jpg', N'ÁO THUN BE COOL', 590000, 90000, N'Áo thun in chữ "Be Cool" đơn giản phù hợp với các cô nàng sành điệu', '2021-08-12'),
(16, 2, 1, 'https://pubcdn.ivymoda.com/files/product/thumab/1366/2022/07/14/0ccb187d1548d8cd0756065234f4d6a0.jpg', N'ÁO THUN BE COOL', 590000, 90000, N'Áo thun in chữ "Be Cool" đơn giản phù hợp với các cô nàng sành điệu', '2021-08-12'),
(17, 2, 2, 'https://pubcdn.ivymoda.com/files/product/thumab/1366/2022/07/08/c68bbd1bdf12fbcae4c2871913e3b23a.JPG', N'ÁO THUN', 590000, 190000, N'Áo thun cơ bản với nền trơn và chữ dập nổi ở giữa. Áo ngắn tay, cổ tròn, dáng suông.', '2021-08-12'),
(18, 2, 9, 'https://pubcdn.ivymoda.com/files/product/thumab/1366/2022/07/08/ca0c82c3de7bd3bd971c7983b24815a6.JPG', N'ÁO THUN', 590000, 190000, N'Áo thun cơ bản với nền trơn và chữ dập nổi ở giữa. Áo ngắn tay, cổ tròn, dáng suông.', '2021-08-12'),
(19, 3, 6, 'https://pubcdn.ivymoda.com/files/product/thumab/400/2023/03/21/5043eaa9fe72c0e732135839b0b2ad25.jpg', N'CLOUDY SET', 1949000, 149000, N'Thiết kế áo croptop cổ tròn xếp ly, tay bo phồng. Phần eo may chun bản to co giãn, kết hợp cùng chi tiết cut-out độc đáo, trẻ trung. Áo mặc cùng chân váy xếp ly xòe, eo cao tôn dáng.', '2021-08-12'),
(20, 3, 4, 'https://pubcdn.ivymoda.com/files/product/thumab/1366/2023/03/20/b660194de87532c8e7f9756b2fdb5b68.jpg', N'CLOUDY SET', 1949000, 149000, N'Thiết kế áo croptop cổ tròn xếp ly, tay bo phồng. Phần eo may chun bản to co giãn, kết hợp cùng chi tiết cut-out độc đáo, trẻ trung. Áo mặc cùng chân váy xếp ly xòe, eo cao tôn dáng.', '2021-08-12'),
(21, 3, 4, 'https://pubcdn.ivymoda.com/files/product/thumab/1366/2022/11/29/841b715617ed915e8da9f06a4cf07ad1.jpg', N'ÁO TENCEL PHỐI VIỀN BÈO', 839000, 390000, N'Áo kiểu dáng suông, cổ tròn, tay lửng, độ dài ngang hông. Điểm nhấn là chi tiết viền tay phối bèo nữ tính.', '2021-08-12'),
(22, 3, 3, 'https://pubcdn.ivymoda.com/files/product/thumab/1366/2022/11/29/20c020a0c645ee69946fa3eb1135269f.jpg', N'ÁO TENCEL PHỐI VIỀN BÈO', 839000, 390000, N'Áo kiểu dáng suông, cổ tròn, tay lửng, độ dài ngang hông. Điểm nhấn là chi tiết viền tay phối bèo nữ tính.', '2021-08-12'),
(23, 3, 2, 'https://pubcdn.ivymoda.com/files/product/thumab/1366/2022/08/01/d825cab89dae2a88dc8b681e4b3b5ec2.jpg', N'ÁO SƠ MI TENCEL DÂY RÚT EO', 990000, 190000, N'Áo sơ mi tay ngắn. Eo chiết dáng peplum có dây kéo rút dễ dàng điều chỉnh. ', '2021-08-12'),
(24, 3, 8, 'https://pubcdn.ivymoda.com/files/product/thumab/1366/2022/08/01/163199bc2732f7b5e08229eb1367336a.jpg', N'ÁO SƠ MI TENCEL DÂY RÚT EO', 990000, 190000, N'Áo sơ mi tay ngắn. Eo chiết dáng peplum có dây kéo rút dễ dàng điều chỉnh. ', '2021-08-12'),
(25, 4, 9, 'https://pubcdn.ivymoda.com/files/product/thumab/1366/2021/11/30/32e50d1e018dcd9de3e5b2db31cdb601.JPG', N'ÁO THUN DÀI TAY SHINE', 396000, 6000, N'Áo thun cổ tròn, tay dài. Bo gấu ở cổ và tay áo. In hình và chữ bắt sáng mặt trước. Chất thun có độ dày vừa phải, mềm mịn thoải mái cho làn da.', '2021-08-12'),
(26, 4, 6, 'https://pubcdn.ivymoda.com/files/product/thumab/1366/2021/11/30/251b4d3725648bca449f7e509d6a6e6d.JPG', N'ÁO THUN DÀI TAY SHINE', 396000, 6000, N'Áo thun cổ tròn, tay dài. Bo gấu ở cổ và tay áo. In hình và chữ bắt sáng mặt trước. Chất thun có độ dày vừa phải, mềm mịn thoải mái cho làn da.', '2021-08-12'),
(27, 4, 4, 'https://pubcdn.ivymoda.com/files/product/thumab/1366/2021/11/12/e2d755e7c787a937509595a494733234.JPG', N'ÁO THUN SWEATER MISS AMBITION', 390000, 90000, N'Áo thun cổ tròn, tay dài. Bo gấu ở cổ và tay áo. In hình và chữ khác màu mặt trước áo.', '2021-08-12'),
(28, 4, 9, 'https://pubcdn.ivymoda.com/files/product/thumab/1366/2021/11/30/ae790a217de78c4423b7211e63df6fd5.JPG', N'ÁO THUN SWEATER MISS AMBITION', 390000, 90000, N'Áo thun cổ tròn, tay dài. Bo gấu ở cổ và tay áo. In hình và chữ khác màu mặt trước áo.', '2021-08-12'),
(29, 4, 6, 'https://pubcdn.ivymoda.com/files/product/thumab/1366/2023/01/11/78b2da0cf82b418e7aa1a5fe19aefd9f.jpg', N'ÁO THUN BO GẤU THÊU HỌA TIẾT', 356000, 16000, N'Thiết kế áo cổ tròn, dáng ngắn bo gấu trẻ trung, phom áo oversize thoải mái, năng động. Chất liệu vải thun mềm mịn, thoáng mát dành cho nàng diện mùa Xuân Hè này. ', '2021-08-12'),
(30, 4, 9, 'https://pubcdn.ivymoda.com/files/product/thumab/1366/2023/01/11/9eaf010bc1819247d8cd59c7785baeb4.jpg', N'ÁO THUN BO GẤU THÊU HỌA TIẾT', 356000, 16000, N'Thiết kế áo cổ tròn, dáng ngắn bo gấu trẻ trung, phom áo oversize thoải mái, năng động. Chất liệu vải thun mềm mịn, thoáng mát dành cho nàng diện mùa Xuân Hè này. ', '2021-08-12'),
(31, 5, 4, 'https://pubcdn.ivymoda.com/files/product/thumab/1366/2021/11/05/3625ee36814ab4710c1bab70576d792b.JPG', N'BLACK DIAMOND TOP', 670000, 70000, N'Áo sơ mi cổ vuông. Tay dài bằng vải phối. Dáng áo Peplum có 6 đính trang trí. 2 túi chéo. Cài bằng khuy giọt lệ phía sau.', '2021-08-12'),
(32, 5, 6, 'https://pubcdn.ivymoda.com/files/product/thumab/1366/2022/08/31/b813baba79725547f299a689d0dd9a73.jpg', N'ÁO PEPLUM XẺ VAI', 769000, 69000, N' Áo peplum tay chờm với vạt chéo tạo kiểu cổ chữ V', '2021-08-12'),
(33, 5, 9, 'https://pubcdn.ivymoda.com/files/product/thumab/1366/2022/08/19/fdc3a213e72f5921045526f8c7ead5ef.jpg', N'ÁO PEPLUM XẺ VAI', 769000, 69000, N' Áo peplum tay chờm với vạt chéo tạo kiểu cổ chữ V', '2021-08-12'),
(34, 5, 1, 'https://pubcdn.ivymoda.com/files/product/thumab/1366/2022/09/07/161f0ec532e17d03ce817c434c7d457a.jpg', N'ÁO PEPLUM XẺ VAI', 769000, 69000, N' Áo peplum tay chờm với vạt chéo tạo kiểu cổ chữ V', '2021-08-12'),
(35, 6, 4, 'https://pubcdn.ivymoda.com/files/product/thumab/1366/2022/01/14/fb14a449b975c2a63aa4f43fba56f944.JPG', N'ÁO LEN DÁNG PEPLUM', 327000, 20000, N'Áo len cổ tròn. Tay dài. Dáng pelum. Viền tlen gân co giãn ở cổ và gấu áo. Họa tiết đan trên nền vải. ', '2021-08-12'),
(36, 6, 7, 'https://pubcdn.ivymoda.com/files/product/thumab/1366/2022/01/26/3c10809c5c7e46a836b1f5c73ff41213.JPG', N'ÁO LEN DÁNG PEPLUM', 327000, 20000, N'Áo len cổ tròn. Tay dài. Dáng pelum. Viền tlen gân co giãn ở cổ và gấu áo. Họa tiết đan trên nền vải. ', '2021-08-12'),
(37, 6, 5, 'https://pubcdn.ivymoda.com/files/product/thumab/1366/2022/01/26/bd54f71ac3965c30b6cd74f23f34508b.JPG', N'ÁO LEN DÁNG PEPLUM', 327000, 20000, N'Áo len cổ tròn. Tay dài. Dáng pelum. Viền tlen gân co giãn ở cổ và gấu áo. Họa tiết đan trên nền vải. ', '2021-08-12'),
(38, 7, 3, 'https://pubcdn.ivymoda.com/files/product/thumab/1366/2020/12/01/5d9b8d40bdcce2ebcd50e75ef4949e1f.JPG', N'ÁO KHOÁC DẠ KHUY CÀI MÓC', 597000, 97000, N'Áo khoác dạ cổ kiểu, tay dài. Dáng chiết eo. Có 2 túi chéo có viền. Cài bằng móc cài ẩn tà.', '2021-08-12'),
(39, 7, 8, 'https://pubcdn.ivymoda.com/files/product/thumab/1366/2020/12/25/6e03fecdf7d77523f1113a5a3ccf7f02.JPG', N'ÁO KHOÁC DẠ KHUY CÀI MÓC', 597000, 97000, N'Áo khoác dạ cổ kiểu, tay dài. Dáng chiết eo. Có 2 túi chéo có viền. Cài bằng móc cài ẩn tà.', '2021-08-12'),
(40, 7, 1, 'https://pubcdn.ivymoda.com/files/product/thumab/1366/2020/12/03/f9e1367a4e81b448e3645503d70f19c5.JPG', N'ÁO KHOÁC DẠ KHUY CÀI MÓC', 597000, 97000, N'Áo khoác dạ cổ kiểu, tay dài. Dáng chiết eo. Có 2 túi chéo có viền. Cài bằng móc cài ẩn tà.', '2021-08-12'),
(41, 8, 3, 'https://pubcdn.ivymoda.com/files/product/thumab/1366/2022/01/20/e0215410e7db70cc1339d3a15eb5945e.JPG', N'ÁO KHOÁC DẠ DÁNG DÀI', 1476000, 190000, N'Áo khoác dạ cổ 2 ve dài khoét chữ K. Tay áo dài đính 3 khuy trang trí. Có hàng khuy đôi 2 bên tà. 2 túi chéo phía trước.', '2021-08-12'),
(42, 8, 4, 'https://pubcdn.ivymoda.com/files/product/thumab/1366/2022/01/20/75560cd18141b85670ccb4c415f94cec.JPG', N'ÁO KHOÁC DẠ DÁNG DÀI', 1476000, 190000, N'Áo khoác dạ cổ 2 ve dài khoét chữ K. Tay áo dài đính 3 khuy trang trí. Có hàng khuy đôi 2 bên tà. 2 túi chéo phía trước.', '2021-08-12'),
(43, 8, 9, 'https://pubcdn.ivymoda.com/files/product/thumab/1366/2022/01/20/0d378ac39c09edcff36fc3f240990ef1.JPG', N'ÁO KHOÁC DẠ DÁNG DÀI', 1476000, 190000, N'Áo khoác dạ cổ 2 ve dài khoét chữ K. Tay áo dài đính 3 khuy trang trí. Có hàng khuy đôi 2 bên tà. 2 túi chéo phía trước.', '2021-08-12'),
(44, 9, 4, 'https://pubcdn.ivymoda.com/files/product/thumab/400/2021/11/15/6098240207ea71e763c63f82a30ce6f2.JPG', N'TRENCH COAT - AS AGELESS AS THE SUN', 897000, 97000, N'Áo khoác thiết kế cổ hai ve bản to, dáng dài cùng màu sắc sang trọng, kiểu dáng vô cùng đẳng cấp. Với chất liệu Tuysi cao cấp bề mặt vải mềm mịn, không gây tích điện và khả năng giữ form cực tốt.', '2021-08-12'),
(45, 9, 9, 'https://pubcdn.ivymoda.com/files/product/thumab/1366/2019/11/06/8ca815d2c660484b37057e47cb86cdf4.jpg', N'TRENCH COAT - AS AGELESS AS THE SUN', 897000, 97000, N'Áo khoác thiết kế cổ hai ve bản to, dáng dài cùng màu sắc sang trọng, kiểu dáng vô cùng đẳng cấp. Với chất liệu Tuysi cao cấp bề mặt vải mềm mịn, không gây tích điện và khả năng giữ form cực tốt.', '2021-08-12'),
(46, 9, 7, 'https://pubcdn.ivymoda.com/files/product/thumab/1366/2022/04/18/49f471e040d6f921efc3025bdd8276c1.JPG', N'TRENCH COAT - AS AGELESS AS THE SUN', 897000, 97000, N'Áo khoác thiết kế cổ hai ve bản to, dáng dài cùng màu sắc sang trọng, kiểu dáng vô cùng đẳng cấp. Với chất liệu Tuysi cao cấp bề mặt vải mềm mịn, không gây tích điện và khả năng giữ form cực tốt.', '2021-08-12'),
(47, 10, 6, 'https://pubcdn.ivymoda.com/files/product/thumab/1366/2021/12/31/d788d3a0c4e6b83273f069bb010f4021.JPG', N'QUẦN DÀI ỐNG SUÔNG', 1190000, 190000, N'Quần dài ống rộng dáng suông. Cạp cao có đỉa. 2 túi chéo 2 bên, 1 viền túi giả phía sau.', '2021-08-12'),
(48, 10, 5, 'https://pubcdn.ivymoda.com/files/product/thumab/1366/2022/01/11/4e780d3747098397e39879bceb572303.JPG', N'QUẦN DÀI ỐNG SUÔNG', 1190000, 190000, N'Quần dài ống rộng dáng suông. Cạp cao có đỉa. 2 túi chéo 2 bên, 1 viền túi giả phía sau.', '2021-08-12'),
(49, 10, 9, 'https://pubcdn.ivymoda.com/files/product/thumab/1366/2022/01/05/ee0bbd5b0236c5950fdf835be3fa8bdc.JPG', N'QUẦN DÀI ỐNG SUÔNG', 1190000, 190000, N'Quần dài ống rộng dáng suông. Cạp cao có đỉa. 2 túi chéo 2 bên, 1 viền túi giả phía sau.', '2021-08-12'),
(50, 10, 10, 'https://pubcdn.ivymoda.com/files/product/thumab/1366/2022/01/05/52e86758fdfbf8b70d1b58d05671aef3.JPG', N'QUẦN DÀI ỐNG SUÔNG', 1190000, 190000, N'Quần dài ống rộng dáng suông. Cạp cao có đỉa. 2 túi chéo 2 bên, 1 viền túi giả phía sau.', '2021-08-12'),
(51, 10, 4, 'https://pubcdn.ivymoda.com/files/product/thumab/1366/2022/01/05/7abde73427da5f9ef5949dd65ffee104.JPG', N'QUẦN DÀI ỐNG SUÔNG', 1190000, 190000, N'Quần dài ống rộng dáng suông. Cạp cao có đỉa. 2 túi chéo 2 bên, 1 viền túi giả phía sau.', '2021-08-12'),
(52, 11, 7, 'https://pubcdn.ivymoda.com/files/product/thumab/1366/2023/03/20/719ee9b97db4b23044976c89738efa8d.jpg', N'QUẦN SOOC BÒ GẬP GẤU', 960000, 60000, N'Quần mini short dáng suông, ống gấu gập tầm 3cm được may cố định. Phía trước có túi chéo, phía sau có túi hộp', '2021-08-12'),
(53, 11, 9, 'https://pubcdn.ivymoda.com/files/product/thumab/1366/2023/03/21/1ac00b418542022023a0af465c61fada.jpg', N'QUẦN SOOC BÒ GẬP GẤU', 960000, 60000, N'Quần mini short dáng suông, ống gấu gập tầm 3cm được may cố định. Phía trước có túi chéo, phía sau có túi hộp', '2021-08-12'),
(54, 11, 5, 'https://pubcdn.ivymoda.com/files/product/thumab/1366/2022/10/14/e876bf99a5a9d16878f1f1319e50a02a.jpeg', N'QUẦN SOOC PHỐI PHỤ KIỆN', 850000, 150000, N'Sản phẩm thuộc BST Timeless và được trình diễn trong show thời trang Fall Winter 2022. ', '2021-08-12'),
(55, 11, 9, 'https://pubcdn.ivymoda.com/files/product/thumab/1366/2022/10/18/36d10a111f59c198ab65fe0f75cbe4f1.jpg', N'QUẦN SOOC PHỐI PHỤ KIỆN', 850000, 150000, N'Sản phẩm thuộc BST Timeless và được trình diễn trong show thời trang Fall Winter 2022. ', '2021-08-12'),
(56, 11, 9, 'https://pubcdn.ivymoda.com/files/product/thumab/1366/2023/03/07/884ad88d4e3cbeb461d23ca17a854a80.jpg', N'QUẦN SOOC KAKI GIẢ VÁY', 790000, 190000, N'Quần sooc giả váy cạp cao giúp tôn dáng nàng. Đây là lựa chọn hoàn hảo cho nàng muốn diện dáng chân váy ngắn mà vẫn muốn sự thoải mái và kín đáo.', '2021-08-12'),
(57, 11, 7, 'https://pubcdn.ivymoda.com/files/product/thumab/1366/2023/02/13/d34321eea15a7a07e48748e8973fb6dc.jpg', N'QUẦN SOOC KAKI GIẢ VÁY', 790000, 190000, N'Quần sooc giả váy cạp cao giúp tôn dáng nàng. Đây là lựa chọn hoàn hảo cho nàng muốn diện dáng chân váy ngắn mà vẫn muốn sự thoải mái và kín đáo.', '2021-08-12'),
(58, 12, 6, 'https://pubcdn.ivymoda.com/files/product/thumab/1366/2023/03/27/9be8693c36bd084ea06907b7f565833f.jpg', N'QUẦN BAGGY DÂY LƯNG THẮT NƠ', 1190000, 190000, N'Với kiểu dáng ống đứng thanh thoát, chiếc quần này giúp tôn lên đôi chân dài và sẽ là sự lựa chọn hoàn hảo cho những buổi đi làm hay các sự kiện đặc biệt.', '2021-08-12'),
(59, 12, 5, 'https://pubcdn.ivymoda.com/files/product/thumab/1366/2023/03/27/ee7511ca18f4e83456967bf7ab45d5d3.jpg', N'QUẦN BAGGY DÂY LƯNG THẮT NƠ', 1190000, 190000, N'Với kiểu dáng ống đứng thanh thoát, chiếc quần này giúp tôn lên đôi chân dài và sẽ là sự lựa chọn hoàn hảo cho những buổi đi làm hay các sự kiện đặc biệt.', '2021-08-12'),
(60, 12, 9, 'https://pubcdn.ivymoda.com/files/product/thumab/1366/2023/03/27/16ce4278d4b4d147949b6b0c840c8269.jpg', N'QUẦN BAGGY DÂY LƯNG THẮT NƠ', 1190000, 190000, N'Với kiểu dáng ống đứng thanh thoát, chiếc quần này giúp tôn lên đôi chân dài và sẽ là sự lựa chọn hoàn hảo cho những buổi đi làm hay các sự kiện đặc biệt.', '2021-08-12'),
(61, 13, 2, 'https://pubcdn.ivymoda.com/files/product/thumab/1366/2020/12/28/a1f77fa3e07d7b3c01903ac7b34f42a6.JPG', N'ZUÝP ÔM 6 KHUY', 285000, 85000, N'Zuýp dài qua gối. Có 2 hàng khuy phía trước. Xẻ tà 1 bên. Cài bằng khóa kéo ẩn sau lưng. Mix cùng áo vest đồng bộ.', '2021-08-12'),
(62, 13, 6, 'https://pubcdn.ivymoda.com/files/product/thumab/1366/2020/12/25/abb342ab7ec0babe65453b15da61f328.JPG', N'ZUÝP ÔM 6 KHUY', 285000, 85000, N'Zuýp dài qua gối. Có 2 hàng khuy phía trước. Xẻ tà 1 bên. Cài bằng khóa kéo ẩn sau lưng. Mix cùng áo vest đồng bộ.', '2021-08-12'),
(63, 13, 5, 'https://pubcdn.ivymoda.com/files/product/thumab/1366/2021/11/12/950efe21c2b6212e9e7f36eab2849e43.JPG', N'CHÂN VÁY BÚT CHÌ VẢI THUN GÂN', 297000, 97000, N'Chân váy bút chì cạp cao bằng thun co giãn. Mặt trước có hàng khuy tạo kiểu, xẻ gấu 1 bên. Có thể mix cùng áo thun đồng bộ MS 58B9035', '2021-08-12'),
(64, 13, 7, 'https://pubcdn.ivymoda.com/files/product/thumab/1366/2021/11/10/110d15efb293de239ae9a0e02f00d732.JPG', N'CHÂN VÁY BÚT CHÌ VẢI THUN GÂN', 297000, 97000, N'Chân váy bút chì cạp cao bằng thun co giãn. Mặt trước có hàng khuy tạo kiểu, xẻ gấu 1 bên. Có thể mix cùng áo thun đồng bộ MS 58B9035', '2021-08-12'),
(65, 13, 9, 'https://pubcdn.ivymoda.com/files/product/thumab/1366/2021/11/30/9ce4f55c430f4965d1e9570df4b20488.JPG', N'CHÂN VÁY BÚT CHÌ VẢI THUN GÂN', 297000, 97000, N'Chân váy bút chì cạp cao bằng thun co giãn. Mặt trước có hàng khuy tạo kiểu, xẻ gấu 1 bên. Có thể mix cùng áo thun đồng bộ MS 58B9035', '2021-08-12'),
(66, 14, 4, 'https://pubcdn.ivymoda.com/files/product/thumab/1366/2022/12/30/9e3e76881ed8ba31e3121fa557570240.jpg', N'CHÂN VÁY LỤA XẾP LY DÁNG DÀI', 1490000, 390000, N'Chân váy xếp ly 1 lớp cạp cao. Vải bề mặt kiểu Tuysi pha lụa được dập xếp ly phía trước. Cài khóa kéo ẩn sau lưng.', '2021-08-12'),
(67, 14, 1, 'https://pubcdn.ivymoda.com/files/product/thumab/1366/2023/01/03/e0c692f33df478df5c72ca7224af8e33.jpg', N'CHÂN VÁY LỤA XẾP LY DÁNG DÀI', 1490000, 390000, N'Chân váy xếp ly 1 lớp cạp cao. Vải bề mặt kiểu Tuysi pha lụa được dập xếp ly phía trước. Cài khóa kéo ẩn sau lưng.', '2021-08-12'),
(68, 14, 9, 'https://pubcdn.ivymoda.com/files/product/thumab/1366/2022/12/30/c54a9157f5abf2768a0ebff14035a460.jpg', N'CHÂN VÁY LỤA XẾP LY DÁNG DÀI', 1490000, 390000, N'Chân váy xếp ly 1 lớp cạp cao. Vải bề mặt kiểu Tuysi pha lụa được dập xếp ly phía trước. Cài khóa kéo ẩn sau lưng.', '2021-08-12'),
(69, 14, 11, 'https://pubcdn.ivymoda.com/files/product/thumab/1366/2022/12/13/4986ff0bbb9d804e951ebc143fd65b7a.jpg', N'CHÂN VÁY XẾP LY XÒE', 1090000, 90000, N'Chân váy 1 lớp xếp ly bản to dáng xòe. Tùng dài qua gối, chần chỉ nổi trang trí tạo điểm nhấn', '2021-08-12'),
(70, 14, 7, 'https://pubcdn.ivymoda.com/files/product/thumab/1366/2022/12/13/106ed0d9e92b52f2ca97bfa6967fe3af.jpg', N'CHÂN VÁY XẾP LY XÒE', 1090000, 90000, N'Chân váy 1 lớp xếp ly bản to dáng xòe. Tùng dài qua gối, chần chỉ nổi trang trí tạo điểm nhấn', '2021-08-12'),
(71, 14, 9, 'https://pubcdn.ivymoda.com/files/product/thumab/1366/2022/12/13/0ea9b23c8854a5b1d1b0fe417ae0b328.jpg', N'CHÂN VÁY XẾP LY XÒE', 1090000, 90000, N'Chân váy 1 lớp xếp ly bản to dáng xòe. Tùng dài qua gối, chần chỉ nổi trang trí tạo điểm nhấn', '2021-08-12'),
(72, 15, 4, 'https://pubcdn.ivymoda.com/files/product/thumab/1366/2023/04/12/15c26502f489a7e5b5ec9d532bcc38ab.jpg', N'ĐẦM MAXI TAY HẾN', 2490000, 300000, N'Thiết kế đầm maxi với độ dài ngang bắp chân. Đầm cổ tròn, tay hến, ngực may nhúm nữ tính kết hợp cùng hàng khuy kim loại tạo điểm nhấn', '2021-08-12'),
(73, 15, 2, 'https://pubcdn.ivymoda.com/files/product/thumab/1366/2023/04/12/38c03331d5079d593738e75ce0024c0d.jpg', N'ĐẦM MAXI TAY HẾN', 2490000, 300000, N'Thiết kế đầm maxi với độ dài ngang bắp chân. Đầm cổ tròn, tay hến, ngực may nhúm nữ tính kết hợp cùng hàng khuy kim loại tạo điểm nhấn', '2021-08-12'),
(74, 15, 9, 'https://pubcdn.ivymoda.com/files/product/thumab/1366/2023/03/21/121afd7151d0aca7d68621bdc5ed2279.jpg', N'ĐẦM MAXI TAY HẾN', 2490000, 300000, N'Thiết kế đầm maxi với độ dài ngang bắp chân. Đầm cổ tròn, tay hến, ngực may nhúm nữ tính kết hợp cùng hàng khuy kim loại tạo điểm nhấn', '2021-08-12'),
(75, 15, 6, 'https://pubcdn.ivymoda.com/files/product/thumab/1366/2023/04/12/0ac91252aff206cd4600c2c18e7f0f68.jpg', N'ĐẦM MAXI TAY HẾN', 2490000, 300000, N'Thiết kế đầm maxi với độ dài ngang bắp chân. Đầm cổ tròn, tay hến, ngực may nhúm nữ tính kết hợp cùng hàng khuy kim loại tạo điểm nhấn', '2021-08-12'),
(76, 15, 1, 'https://pubcdn.ivymoda.com/files/product/thumab/1366/2023/04/12/956ae727ae063f8a28934e52667c37a8.jpg', N'ROSIE SET', 1780000, 190000, N'Rosie Set là một bộ trang phục đầy nữ tính và quyến rũ, gồm một thiết kế áo và chân váy đồng bộ, được làm từ chất liệu vải ren cao cấp với họa tiết hoa in nổi tinh tế.', '2021-08-12'),
(77, 15, 6, 'https://pubcdn.ivymoda.com/files/product/thumab/1366/2023/04/12/d875427329764443f360cbaee5e456b1.jpg', N'ROSIE SET', 1780000, 190000, N'Rosie Set là một bộ trang phục đầy nữ tính và quyến rũ, gồm một thiết kế áo và chân váy đồng bộ, được làm từ chất liệu vải ren cao cấp với họa tiết hoa in nổi tinh tế.', '2021-08-12'),
(78, 16, 2, 'https://pubcdn.ivymoda.com/files/product/thumab/1366/2022/04/18/76390ca5a89a0e29dcd21c994b4d2d6d.JPG', N'ĐẦM XẾP CUT-OUT', 676000, 76000, N'Đầm dáng xếp lệch. Tay áo lửng. Cổ tròn phối với cut-out lệch. Tay áo lửng. Độ dài chạm gối, một bên xẻ tà ngắn. Đằng sau có khóa kéo và chiết nhẹ phần eo.', '2021-08-12'),
(79, 16, 3, 'https://pubcdn.ivymoda.com/files/product/thumab/1366/2022/04/06/a367b6c46be229877d6906d7ebe34a02.JPG', N'ĐẦM XẾP CUT-OUT', 676000, 76000, N'Đầm dáng xếp lệch. Tay áo lửng. Cổ tròn phối với cut-out lệch. Tay áo lửng. Độ dài chạm gối, một bên xẻ tà ngắn. Đằng sau có khóa kéo và chiết nhẹ phần eo.', '2021-08-12'),
(80, 16, 9, 'https://pubcdn.ivymoda.com/files/product/thumab/1366/2022/04/06/d4bbe71a9fb9cf58b5fd9a577964a0e6.JPG', N'ĐẦM XẾP CUT-OUT', 676000, 76000, N'Đầm dáng xếp lệch. Tay áo lửng. Cổ tròn phối với cut-out lệch. Tay áo lửng. Độ dài chạm gối, một bên xẻ tà ngắn. Đằng sau có khóa kéo và chiết nhẹ phần eo.', '2021-08-12'),
(81, 16, 4, 'https://pubcdn.ivymoda.com/files/product/thumab/1366/2021/07/26/b59fdd97644976993c2348e81acf9b4d.JPG', N'ĐẦM THUN DÁNG XẾP', 525000, 25000, N'Thiết kế cổ đức cùng phần chữ V khoét sâu, kiểu dáng ôm body tạo hiệu ứng tôn dáng cho phái đẹp.', '2021-08-12'),
(82, 16, 7, 'https://pubcdn.ivymoda.com/files/product/thumab/1366/2019/11/18/3472dcfe8f6f7162798a0c343dbe4a59.jpg', N'ĐẦM THUN DÁNG XẾP', 525000, 25000, N'Thiết kế cổ đức cùng phần chữ V khoét sâu, kiểu dáng ôm body tạo hiệu ứng tôn dáng cho phái đẹp.', '2021-08-12'),
(83, 16, 9, 'https://pubcdn.ivymoda.com/files/product/thumab/1366/2019/11/18/6043b1cca7c1221388ed6b662da77447.jpg', N'ĐẦM THUN DÁNG XẾP', 525000, 25000, N'Thiết kế cổ đức cùng phần chữ V khoét sâu, kiểu dáng ôm body tạo hiệu ứng tôn dáng cho phái đẹp.', '2021-08-12'),
(84, 17, 4, 'https://pubcdn.ivymoda.com/files/product/thumab/1366/2023/03/20/bc74de6da2bb3c0b0abdd6f20fdb43f8.jpg', N'CAILY DRESS - ĐẦM ÔM TRỄ VAI', 2790000, 190000, N'Thiết kế đầm với chi tiết trễ vai vô cùng quyến rũ khi khéo léo khoe xương quai xanh cùng bờ vai mềm, tôn trọn vẻ đẹp nữ tính, yêu kiều của nàng. ', '2021-08-12'),
(85, 17, 9, 'https://pubcdn.ivymoda.com/files/product/thumab/1366/2023/03/10/105f72e9d572f813b1b154659d968e33.jpg', N'CAILY DRESS - ĐẦM ÔM TRỄ VAI', 2790000, 190000, N'Thiết kế đầm với chi tiết trễ vai vô cùng quyến rũ khi khéo léo khoe xương quai xanh cùng bờ vai mềm, tôn trọn vẻ đẹp nữ tính, yêu kiều của nàng. ', '2021-08-12'),
(86, 17, 8, 'https://pubcdn.ivymoda.com/files/product/thumab/1366/2023/04/10/d53854452ceca3da55cb4662dc3b4909.jpg', N'CAILY DRESS - ĐẦM ÔM TRỄ VAI', 2790000, 190000, N'Thiết kế đầm với chi tiết trễ vai vô cùng quyến rũ khi khéo léo khoe xương quai xanh cùng bờ vai mềm, tôn trọn vẻ đẹp nữ tính, yêu kiều của nàng. ', '2021-08-12'),
(87, 18, 9, 'https://pubcdn.ivymoda.com/files/product/thumab/1366/2023/04/11/146915c3d84f42e0706911e7dfb9024a.jpg', N'ÁO NGỰC CÓ GỌNG PHỐI REN', 849000, 190000, N'Áo ngực phối gọng ren với chất liệu thun an toàn và thoải mái sẽ là sự lựa chọn tuyệt vời cho phái đẹp. Sử dụng chất liệu vải thun tuyển chọn, không kích ứng,', '2021-08-12'),
(88, 19, 9, 'https://pubcdn.ivymoda.com/files/product/thumab/1366/2022/05/20/78c6dfdae5a73bd589336f0da66daaf0.JPG', N'SLIP REN LƯỚI', 120000, 0, N'Slip trơn, chất liệu chính là thun và ren. Thiết kế ôm sát nhẹ nhàng, mỏng nhẹ và tôn dáng tốt.', '2021-08-12'),

CREATE TABLE ProductImage (
  idSanPham INT NOT NULL ,
  img NVARCHAR(MAX) NOT NULL,
  CONSTRAINT FK_ProductImage_Product FOREIGN KEY (idSanPham) REFERENCES SanPham(idSanPham)
);
INSERT INTO ProductImage(idSanPham, img) VALUES
(1, 'https://pubcdn.ivymoda.com/files/product/thumab/1366/2022/08/01/163199bc2732f7b5e08229eb1367336a.jpg'),
(1, 'https://pubcdn.ivymoda.com/files/product/thumab/1366/2022/08/01/52afea65c30d77c662352ddfa23f874e.jpg'),
(1, 'https://pubcdn.ivymoda.com/files/product/thumab/1366/2022/08/01/52afea65c30d77c662352ddfa23f874e.jpg'),
(1, 'https://pubcdn.ivymoda.com/files/product/thumab/1366/2022/08/01/60d7bf32c545ed8cbe755d79fbb0c806.jpg'),
(2, 'https://pubcdn.ivymoda.com/files/product/thumab/1366/2022/08/01/d825cab89dae2a88dc8b681e4b3b5ec2.jpg'),
(2, 'https://pubcdn.ivymoda.com/files/product/thumab/1366/2022/08/01/69ddae4163640f7806dc298bf56f4a8b.jpg'),
(2, 'https://pubcdn.ivymoda.com/files/product/thumab/1366/2022/08/01/817984bce590ed450a3332a537406f99.jpg'),
(2, 'https://pubcdn.ivymoda.com/files/product/thumab/1366/2022/08/01/96f8a15b63179938b017f935742b2ec8.jpg'),
(3, 'https://pubcdn.ivymoda.com/files/product/thumab/1366/2023/04/03/0f6ac7b879d2ff527cda2cad77386106.jpg'),
(3, 'https://pubcdn.ivymoda.com/files/product/thumab/1366/2023/04/03/cde1337ee7bfb524f4d50e36f29b9432.jpg'),
(3, 'https://pubcdn.ivymoda.com/files/product/thumab/1366/2023/04/03/cde1337ee7bfb524f4d50e36f29b9432.jpg'),
(3, 'https://pubcdn.ivymoda.com/files/product/thumab/1366/2023/04/03/ddccb74be771d6322121b37fb1e2fe73.jpg'),
(4, 'https://pubcdn.ivymoda.com/files/product/thumab/1366/2023/04/03/ea7124b34135b6be4e9efb000bf5e4b6.jpg'),
(4, 'https://pubcdn.ivymoda.com/files/product/thumab/1366/2023/04/03/750a902c84b59150ad5731690046588d.jpg'),
(4, 'https://pubcdn.ivymoda.com/files/product/thumab/1366/2023/04/03/897729eb759d18d4187d993e56f55c8d.jpg'),
(4, 'https://pubcdn.ivymoda.com/files/product/thumab/1366/2023/04/03/1f2f0c2106251339497f6f144c2928e1.jpg'),
(5, 'https://pubcdn.ivymoda.com/files/product/thumab/1366/2023/04/03/3be53efa966b9d7761bccf60d029369b.jpg'),
(5, 'https://pubcdn.ivymoda.com/files/product/thumab/1366/2023/04/03/09c34ccc8754f937233800f2d143a5aa.jpg'),
(5, 'https://pubcdn.ivymoda.com/files/product/thumab/1366/2023/04/03/88f7477abfee871d9e0b06518d849db0.jpg'),
(5, 'https://pubcdn.ivymoda.com/files/product/thumab/1366/2023/04/03/9d05fd41f48cbaa80033a11e462ae793.jpg'),
(6, 'https://pubcdn.ivymoda.com/files/product/thumab/1366/2023/04/12/81c1dc4b911dd49f11c62171db2ff945.jpg'),
(6, 'https://pubcdn.ivymoda.com/files/product/thumab/1366/2023/04/12/7bee81a35c0a0df09f1685d0f4f76afb.jpg'),
(6, 'https://pubcdn.ivymoda.com/files/product/thumab/1366/2023/04/13/739c192d7fe6d4efdbe00252667e8e8d.jpg'),
(6, 'https://pubcdn.ivymoda.com/files/product/thumab/1366/2023/04/12/81c1dc4b911dd49f11c62171db2ff945.jpg'),
(8, 'https://pubcdn.ivymoda.com/files/product/thumab/1366/2023/03/20/2db30f148c22f31764557aa3d513f506.jpg'),
(8, 'https://pubcdn.ivymoda.com/files/product/thumab/1366/2023/03/20/371e882f5333de4765b96874020047de.jpg'),
(8, 'https://pubcdn.ivymoda.com/files/product/thumab/1366/2023/03/20/d96b8f568232012701c79ef5580cf645.jpg'),
(8, 'https://pubcdn.ivymoda.com/files/product/thumab/1366/2023/03/20/44b4fa8e03ba3debe641dee2f5d1a3d6.jpg'),
(7, 'https://pubcdn.ivymoda.com/files/product/thumab/1366/2023/03/20/9420bcd3f524e9215ddec49621e86128.jpg'),
(7, 'https://pubcdn.ivymoda.com/files/product/thumab/1366/2023/03/20/bcb6ac4c5f5ab2c1f12faddec29fa8a4.jpg'),
(7, 'https://pubcdn.ivymoda.com/files/product/thumab/1366/2023/03/20/1ed37633165146716bf9def65f349e4f.jpg'),
(7, 'https://pubcdn.ivymoda.com/files/product/thumab/1366/2023/03/20/aa003c29cf3e601083109bffb70fb568.jpg'),
(9, 'https://pubcdn.ivymoda.com/files/product/thumab/1366/2023/03/20/0908b78976ae8f6f842f3067b6b22e67.jpg'),
(9, 'https://pubcdn.ivymoda.com/files/product/thumab/1366/2023/03/20/234fb31ed90ce274b40803c806cb4ccb.jpg'),
(9, 'https://pubcdn.ivymoda.com/files/product/thumab/1366/2023/03/20/ead4b63b8d4f3b1738b6e776c3091559.jpg'),
(9, 'https://pubcdn.ivymoda.com/files/product/thumab/1366/2023/03/20/b07c9c77e1a5598657e9885f10bc464d.jpg'),
(10, 'https://pubcdn.ivymoda.com/files/product/thumab/1366/2023/03/24/98cc6e6c2c88f5e43760103411050089.jpg'),
(10, 'https://pubcdn.ivymoda.com/files/product/thumab/1366/2023/03/20/8b0be57a568a9bf4bd1f192f72db79dc.jpg'),
(10, 'https://pubcdn.ivymoda.com/files/product/thumab/1366/2023/03/20/e24c7c79467d898c4347a9efeb18d7c4.jpg'),
(10, 'https://pubcdn.ivymoda.com/files/product/thumab/1366/2023/03/20/d76b1ae360f0d8e8819249782fd3f25b.jpg'),
(11, 'https://pubcdn.ivymoda.com/files/product/thumab/1366/2022/08/01/fc83bb442e2ae5e6672b90b917a5d1b7.jpg'),
(11, 'https://pubcdn.ivymoda.com/files/product/thumab/1366/2022/08/01/061a126a9744b7c0cdd0b8db81f2d83e.jpg'),
(11, 'https://pubcdn.ivymoda.com/files/product/thumab/1366/2022/08/01/5fa479210525774ddec13abbad33ec4c.jpg'),
(11, 'https://pubcdn.ivymoda.com/files/product/thumab/1366/2022/08/01/9e1b5a1f2c7097f47f75762c3cb01a5e.jpg'),
(12, 'https://pubcdn.ivymoda.com/files/product/thumab/1366/2022/08/01/fdf7cba059f758a2c76292d206fa3999.jpg'),
(12, 'https://pubcdn.ivymoda.com/files/product/thumab/1366/2022/08/01/a63f7d2dae9e2d2b2f62ffe360e10c57.jpg'),
(12, 'https://pubcdn.ivymoda.com/files/product/thumab/1366/2022/08/01/26cd7102bd3545ab51ad7774ed714048.jpg'),
(12, 'https://pubcdn.ivymoda.com/files/product/thumab/1366/2022/08/01/afac97b06927708c915de3ed0eb93eeb.jpg'),
(13, 'https://pubcdn.ivymoda.com/files/product/thumab/1366/2022/07/22/0685199ea947a349b9310bf6bbd30a29.JPG'),
(13, 'https://pubcdn.ivymoda.com/files/product/thumab/1366/2022/07/22/16d312a040c007ccc4e5c3bc1f2fc5f0.JPG'),
(13, 'https://pubcdn.ivymoda.com/files/product/thumab/1366/2022/07/22/d8a592cdbaf4cf3867653a822dc331ac.JPG'),
(13, 'https://pubcdn.ivymoda.com/files/product/thumab/1366/2022/07/22/85aec2baa0fe62c767b4813ee74e3623.JPG'),
(14, 'https://pubcdn.ivymoda.com/files/product/thumab/1366/2022/07/14/19ec266ec2513c1e538e0fd4454b9991.jpg'),
(14, 'https://pubcdn.ivymoda.com/files/product/thumab/1366/2022/07/14/da040e1cdb4fbde863fce717fb082ed3.jpg'),
(14, 'https://pubcdn.ivymoda.com/files/product/thumab/1366/2022/07/14/bc830185e19b218fc09cb965a82822a2.jpg'),
(14, 'https://pubcdn.ivymoda.com/files/product/thumab/1366/2022/07/14/524b0630f377abbd417f21f98312b9e0.jpg'),
(15, 'https://pubcdn.ivymoda.com/files/product/thumab/1366/2022/07/14/2b01a405222bae98509a483c95715611.jpg'),
(15, 'https://pubcdn.ivymoda.com/files/product/thumab/1366/2022/07/14/9b5c3e906fc3d824af0d2db965826d94.jpg'),
(15, 'https://pubcdn.ivymoda.com/files/product/thumab/1366/2022/07/14/0052107e82c1d52bb15a7734c54cfa3f.jpg'),
(15, 'https://pubcdn.ivymoda.com/files/product/thumab/1366/2022/07/14/920cec6bc067ac1d1f7bb5902ae0db2a.jpg'),
(16, 'https://pubcdn.ivymoda.com/files/product/thumab/1366/2022/07/14/0ccb187d1548d8cd0756065234f4d6a0.jpg'),
(16, 'https://pubcdn.ivymoda.com/files/product/thumab/1366/2022/07/14/2f83683a6a1661e807a52210d608b41d.jpg'),
(16, 'https://pubcdn.ivymoda.com/files/product/thumab/1366/2022/07/14/569b5825ef59f6d3c8990f8f88bc9d6c.jpg'),
(16, 'https://pubcdn.ivymoda.com/files/product/thumab/1366/2022/07/14/0ab9f52d10c76f9bf701c1f631fe723c.jpg'),
(17, 'https://pubcdn.ivymoda.com/files/product/thumab/1366/2022/07/08/c68bbd1bdf12fbcae4c2871913e3b23a.JPG'),
(17, 'https://pubcdn.ivymoda.com/files/product/thumab/1366/2022/07/08/476cb65ae9dbbd060f892eeb21e6d980.JPG'),
(17, 'https://pubcdn.ivymoda.com/files/product/thumab/1366/2022/07/08/3b62d612f18cc19fca870a2f2afa50db.JPG'),
(17, 'https://pubcdn.ivymoda.com/files/product/thumab/1366/2022/07/08/704559fb7537974750539cf9df0c4444.JPG'),
(18, 'https://pubcdn.ivymoda.com/files/product/thumab/1366/2022/07/08/ca0c82c3de7bd3bd971c7983b24815a6.JPG'),
(18, 'https://pubcdn.ivymoda.com/files/product/thumab/1366/2022/07/08/f89c3113daea0f17677886c07dbf5822.JPG'),
(18, 'https://pubcdn.ivymoda.com/files/product/thumab/1366/2022/07/08/13f71a45b880e8a9e9ef0c7f8edac606.JPG'),
(18, 'https://pubcdn.ivymoda.com/files/product/thumab/1366/2022/07/08/81e22f5f37df76bafee430990d7f4e65.JPG'),
(19, 'https://pubcdn.ivymoda.com/files/product/thumab/1366/2023/03/21/cf9079d41634b2980ac990410983fd64.jpg'),
(19, 'https://pubcdn.ivymoda.com/files/product/thumab/1366/2023/03/21/5043eaa9fe72c0e732135839b0b2ad25.jpg'),
(19, 'https://pubcdn.ivymoda.com/files/product/thumab/1366/2023/03/21/438eb86720d8cc97a8f39644fdebf9d0.jpg'),
(19, 'https://pubcdn.ivymoda.com/files/product/thumab/1366/2023/03/21/89c1ce2dc80ccb48936546557f6c7a53.jpg'),
(20, 'https://pubcdn.ivymoda.com/files/product/thumab/1366/2023/03/20/b660194de87532c8e7f9756b2fdb5b68.jpg'),
(20, 'https://pubcdn.ivymoda.com/files/product/thumab/1366/2023/03/20/c04817f9f9591e6519a01e8a0624e3cf.jpg'),
(20, 'https://pubcdn.ivymoda.com/files/product/thumab/1366/2023/03/20/19461257b3e08f818cb8b3dbfbe9e893.jpg'),
(20, 'https://pubcdn.ivymoda.com/files/product/thumab/1366/2023/03/20/77b18de2eb011e5610c6c9781b1e9c18.jpg'),
(21, 'https://pubcdn.ivymoda.com/files/product/thumab/1366/2022/11/29/841b715617ed915e8da9f06a4cf07ad1.jpg'),
(21, 'https://pubcdn.ivymoda.com/files/product/thumab/1366/2022/11/29/cf7104ef7eade90edf009019983093ca.jpg'),
(21, 'https://pubcdn.ivymoda.com/files/product/thumab/1366/2022/11/29/c070b13a18f058df48ba3255385beb81.jpg'),
(21, 'https://pubcdn.ivymoda.com/files/product/thumab/1366/2022/11/29/b13946eb0ce7e5a7ce6d5c5f47420740.jpg'),
(22, 'https://pubcdn.ivymoda.com/files/product/thumab/1366/2022/11/29/20c020a0c645ee69946fa3eb1135269f.jpg'),
(22, 'https://pubcdn.ivymoda.com/files/product/thumab/1366/2022/11/29/8ae16708e339bf96c8f450d3dd6365f9.jpg'),
(22, 'https://pubcdn.ivymoda.com/files/product/thumab/1366/2022/11/29/41095c143707351e74a6002e26b63a8e.jpg'),
(22, 'https://pubcdn.ivymoda.com/files/product/thumab/1366/2022/11/29/df776d70a33b51dd500bf346ec3270a3.jpg'),
(23, 'https://pubcdn.ivymoda.com/files/product/thumab/1366/2022/08/01/d825cab89dae2a88dc8b681e4b3b5ec2.jpg'),
(23, 'https://pubcdn.ivymoda.com/files/product/thumab/1366/2022/08/01/69ddae4163640f7806dc298bf56f4a8b.jpg'),
(23, 'https://pubcdn.ivymoda.com/files/product/thumab/1366/2022/08/01/817984bce590ed450a3332a537406f99.jpg'),
(23, 'https://pubcdn.ivymoda.com/files/product/thumab/1366/2022/08/01/96f8a15b63179938b017f935742b2ec8.jpg'),
(24, 'https://pubcdn.ivymoda.com/files/product/thumab/1366/2022/08/01/163199bc2732f7b5e08229eb1367336a.jpg'),
(24, 'https://pubcdn.ivymoda.com/files/product/thumab/1366/2022/08/01/52afea65c30d77c662352ddfa23f874e.jpg'),
(24, 'https://pubcdn.ivymoda.com/files/product/thumab/1366/2022/08/01/b7445e8fa44db8305f893f6b9ff02dc4.jpg'),
(24, 'https://pubcdn.ivymoda.com/files/product/thumab/1366/2022/08/01/60d7bf32c545ed8cbe755d79fbb0c806.jpg'),
(25, 'https://pubcdn.ivymoda.com/files/product/thumab/1366/2021/12/16/232bb7fecf8333131bf27a586c99a2c9.JPG'),
(25, 'https://pubcdn.ivymoda.com/files/product/thumab/1366/2021/12/16/9a5e5a0caff854228d1cc005cf322ec3.JPG'),
(25, 'https://pubcdn.ivymoda.com/files/product/thumab/1366/2021/12/16/227372e7dfeffa717595f88919f0038f.JPG'),
(25, 'https://pubcdn.ivymoda.com/files/product/thumab/1366/2021/12/16/60cdd8d83275bcea7fe881eb4425c538.JPG'),
(26, 'https://pubcdn.ivymoda.com/files/product/thumab/1366/2021/12/16/d439097287241577ce7fe95d0ceaf2fa.JPG'),
(26, 'https://pubcdn.ivymoda.com/files/product/thumab/1366/2021/12/16/2a4ee8ee3fb150800b31a099220e9a58.JPG'),
(26, 'https://pubcdn.ivymoda.com/files/product/thumab/1366/2021/12/16/c27e5b08144877537b8c8da27a9aba5c.JPG'),
(26, 'https://pubcdn.ivymoda.com/files/product/thumab/1366/2021/12/16/9b1fa5680638442f3d0fa0504d4a6dd4.JPG'),
(27, 'https://pubcdn.ivymoda.com/files/product/thumab/1366/2021/11/12/e2d755e7c787a937509595a494733234.JPG'),
(27, 'https://pubcdn.ivymoda.com/files/product/thumab/1366/2021/11/12/13f2f6cf4910ad6d6e0677b07333dcd1.JPG'),
(27, 'https://pubcdn.ivymoda.com/files/product/thumab/1366/2021/11/12/bbeb4dfec0caa0ba8147f9a9ff97badf.JPG'),
(27, 'https://pubcdn.ivymoda.com/files/product/thumab/1366/2021/11/12/6b8810b69df6f9d14a2a7363730a28f0.JPG'),
(28, 'https://pubcdn.ivymoda.com/files/product/thumab/1366/2021/11/30/ae790a217de78c4423b7211e63df6fd5.JPG'),
(28, 'https://pubcdn.ivymoda.com/files/product/thumab/1366/2021/11/30/356424ed351499eb81365b14c3bc7f10.JPG'),
(28, 'https://pubcdn.ivymoda.com/files/product/thumab/1366/2021/11/30/0732c70aec0bac0957f91f357011c8bd.JPG'),
(28, 'https://pubcdn.ivymoda.com/files/product/thumab/1366/2021/11/30/e4b8003680638fd8570ca91235a6e4a6.JPG'),
(29, 'https://pubcdn.ivymoda.com/files/product/thumab/1366/2023/01/11/78b2da0cf82b418e7aa1a5fe19aefd9f.jpg'),
(29, 'https://pubcdn.ivymoda.com/files/product/thumab/1366/2023/01/11/cdf1db9d4a8b7d479bf1d1e8517b2b9c.jpg'),
(29, 'https://pubcdn.ivymoda.com/files/product/thumab/1366/2023/01/11/a51afd6f47caf3a2c8718202f84df0ab.jpg'),
(29, 'https://pubcdn.ivymoda.com/files/product/thumab/1366/2023/01/11/7c5698bd0fd61ed81a9546d01704127b.jpg'),
(30, 'https://pubcdn.ivymoda.com/files/product/thumab/1366/2023/01/11/9eaf010bc1819247d8cd59c7785baeb4.jpg'),
(30, 'https://pubcdn.ivymoda.com/files/product/thumab/1366/2023/01/11/66c1e17e7b39d6457bb0275698ef60cd.jpg'),
(30, 'https://pubcdn.ivymoda.com/files/product/thumab/1366/2023/01/11/8ed48dd4876c3c4d9cace000859647d4.jpg'),
(30, 'https://pubcdn.ivymoda.com/files/product/thumab/1366/2023/01/11/440fbadd224722a39f1dd9d42ee8cdb9.jpg'),
(32, 'https://pubcdn.ivymoda.com/files/product/thumab/1366/2022/09/07/161f0ec532e17d03ce817c434c7d457a.jpg'),
(32, 'https://pubcdn.ivymoda.com/files/product/thumab/1366/2022/09/07/244b75c71cd4008ed9f4ccacd8921a9e.jpg'),
(32, 'https://pubcdn.ivymoda.com/files/product/thumab/1366/2022/09/07/49378c7e12d1fc654ae771b3643e3701.jpg'),
(32, 'https://pubcdn.ivymoda.com/files/product/thumab/1366/2022/09/07/49378c7e12d1fc654ae771b3643e3701.jpg'),
(33, 'https://pubcdn.ivymoda.com/files/product/thumab/1366/2022/08/19/fdc3a213e72f5921045526f8c7ead5ef.jpg'),
(33, 'https://pubcdn.ivymoda.com/files/product/thumab/1366/2022/08/19/27ee3920720eb18c667f838b0037dd58.jpg'),
(33, 'https://pubcdn.ivymoda.com/files/product/thumab/1366/2022/08/19/97127064d11883e8ce91f9535c145c7f.jpg'),
(33, 'https://pubcdn.ivymoda.com/files/product/thumab/1366/2022/08/19/6ea088087092bec00347705512950e30.jpg'),
(34, 'https://pubcdn.ivymoda.com/files/product/thumab/1366/2022/09/07/161f0ec532e17d03ce817c434c7d457a.jpg'),
(34, 'https://pubcdn.ivymoda.com/files/product/thumab/1366/2022/09/07/244b75c71cd4008ed9f4ccacd8921a9e.jpg'),
(34, 'https://pubcdn.ivymoda.com/files/product/thumab/1366/2022/09/07/49378c7e12d1fc654ae771b3643e3701.jpg'),
(34, 'https://pubcdn.ivymoda.com/files/product/thumab/1366/2022/09/07/7eedfc8f77626df15fe2997facb3bd2d.jpg'),
(31, 'https://pubcdn.ivymoda.com/files/product/thumab/1366/2021/11/05/3625ee36814ab4710c1bab70576d792b.JPG'),
(31, 'https://pubcdn.ivymoda.com/files/product/thumab/1366/2021/11/05/30fa6382b2c96b007068ad70b4c6e858.JPG'),
(31, 'https://pubcdn.ivymoda.com/files/product/thumab/1366/2021/11/05/022b7561309f78c5be039f2d2f29acda.JPG'),
(31, 'https://pubcdn.ivymoda.com/files/product/thumab/1366/2021/11/05/f460f3c3cf6929547f11a772e6272b00.JPG'),
(35, 'https://pubcdn.ivymoda.com/files/product/thumab/1366/2022/01/14/fb14a449b975c2a63aa4f43fba56f944.JPG'),
(35, 'https://pubcdn.ivymoda.com/files/product/thumab/1366/2022/01/14/1b42135db4c0aecd1fd16eab43d37cb2.JPG'),
(35, 'https://pubcdn.ivymoda.com/files/product/thumab/1366/2022/01/14/d0ac505c3a0f42e0cbfe404be9f58df9.JPG'),
(35, 'https://pubcdn.ivymoda.com/files/product/thumab/1366/2022/01/14/569e6d12a7518e3b227d21c8d82513af.JPG'),
(36, 'https://pubcdn.ivymoda.com/files/product/thumab/1366/2022/01/26/3c10809c5c7e46a836b1f5c73ff41213.JPG'),
(36, 'https://pubcdn.ivymoda.com/files/product/thumab/1366/2022/01/26/b24d029ab0dbe176cdd3be15af2022cb.JPG'),
(36, 'https://pubcdn.ivymoda.com/files/product/thumab/1366/2022/01/26/d23ec0ddf1e2234f87a336150e376d82.JPG'),
(36, 'https://pubcdn.ivymoda.com/files/product/thumab/1366/2022/01/26/0f6d0cf3df3da15fc6113f3a2f0693b4.JPG'),
(37, 'https://pubcdn.ivymoda.com/files/product/thumab/1366/2022/01/26/bd54f71ac3965c30b6cd74f23f34508b.JPG'),
(37, 'https://pubcdn.ivymoda.com/files/product/thumab/1366/2022/01/26/df4c8fe37dd3534f2f617ff4f1c4d600.JPG'),
(37, 'https://pubcdn.ivymoda.com/files/product/thumab/1366/2022/01/26/ad90878226b4b9bbc94cd50866fbda9e.JPG'),
(37, 'https://pubcdn.ivymoda.com/files/product/thumab/1366/2022/01/26/59db9b070dbf19aaf1808620b03ab618.JPG'),
(38, 'https://pubcdn.ivymoda.com/files/product/thumab/1366/2020/12/01/5d9b8d40bdcce2ebcd50e75ef4949e1f.JPG'),
(38, 'https://pubcdn.ivymoda.com/files/product/thumab/1366/2020/12/03/0aa8381caf713de305f98a352fa498e8.JPG'),
(38, 'https://pubcdn.ivymoda.com/files/product/thumab/1366/2020/12/03/3b655aafe8015fc3bb7b692a120257b6.JPG'),
(38, 'https://pubcdn.ivymoda.com/files/product/thumab/1366/2020/12/05/cb473ad211a650aceee1bdb4ecd6d72c.JPG'),
(39, 'https://pubcdn.ivymoda.com/files/product/thumab/1366/2020/12/25/6e03fecdf7d77523f1113a5a3ccf7f02.JPG'),
(39, 'https://pubcdn.ivymoda.com/files/product/thumab/1366/2020/12/25/59badccdda248044cb2232fa92bb5a56.JPG'),
(39, 'https://pubcdn.ivymoda.com/files/product/thumab/1366/2020/12/25/ab1495c37ae2e488d32d07e3cefd88d9.JPG'),
(39, 'https://pubcdn.ivymoda.com/files/product/thumab/1366/2020/12/25/f2d57de4a610f6a3b5a9e48e41aaeb50.JPG'),
(40, 'https://pubcdn.ivymoda.com/files/product/thumab/1366/2020/12/03/f9e1367a4e81b448e3645503d70f19c5.JPG'),
(40, 'https://pubcdn.ivymoda.com/files/product/thumab/1366/2020/12/01/75b1b29e8f2c8c79173389f990bc815b.JPG'),
(40, 'https://pubcdn.ivymoda.com/files/product/thumab/1366/2020/12/03/437b0e94021c7a479026a4bdf68ba8eb.JPG'),
(40, 'https://pubcdn.ivymoda.com/files/product/thumab/1366/2020/12/03/26875e3b5cf71552c7f6291a4662f7ac.JPG'),
(41, 'https://pubcdn.ivymoda.com/files/product/thumab/1366/2022/01/20/e0215410e7db70cc1339d3a15eb5945e.JPG'),
(41, 'https://pubcdn.ivymoda.com/files/product/thumab/1366/2022/01/20/f241d78ccdadbc6e30b55c627b0f07a1.JPG'),
(41, 'https://pubcdn.ivymoda.com/files/product/thumab/1366/2022/01/20/010479307654a8c89597c95fa780bccc.JPG'),
(41, 'https://pubcdn.ivymoda.com/files/product/thumab/1366/2022/01/20/0287447e586382d5efa59d11afe72ab7.JPG'),
(42, 'https://pubcdn.ivymoda.com/files/product/thumab/1366/2022/01/20/75560cd18141b85670ccb4c415f94cec.JPG'),
(42, 'https://pubcdn.ivymoda.com/files/product/thumab/1366/2022/01/20/6641e0ef44c0e24aedba58981a0bb8b7.JPG'),
(42, 'https://pubcdn.ivymoda.com/files/product/thumab/1366/2022/01/20/b2a7681dddb2c0c71bc0dd06a446f51b.JPG'),
(42, 'https://pubcdn.ivymoda.com/files/product/thumab/1366/2022/01/20/85db68fd0ef96f042c92dcfd15762fbe.JPG'),
(43, 'https://pubcdn.ivymoda.com/files/product/thumab/1366/2022/01/20/0d378ac39c09edcff36fc3f240990ef1.JPG'),
(43, 'https://pubcdn.ivymoda.com/files/product/thumab/1366/2022/01/20/dd17c3511cb132af5b6219026ecd6ab9.JPG'),
(43, 'https://pubcdn.ivymoda.com/files/product/thumab/1366/2022/01/20/86f4e61781f4e82bad54f3636d1e4124.JPG'),
(43, 'https://pubcdn.ivymoda.com/files/product/thumab/1366/2022/01/20/ab19d89ea8ca6d5938c50da953da2598.JPG'),
(44, 'https://pubcdn.ivymoda.com/files/product/thumab/1366/2021/12/02/af658c574760b114ff1a124287243dd5.JPG'),
(44, 'https://pubcdn.ivymoda.com/files/product/thumab/1366/2021/12/02/29ea2e87c3bc0597115ee0bc2d561ce4.JPG'),
(44, 'https://pubcdn.ivymoda.com/files/product/thumab/1366/2021/12/02/501efe15791bbe593b328e3f54950f6d.JPG'),
(44, 'https://pubcdn.ivymoda.com/files/product/thumab/1366/2021/12/02/1d248ae8844204f60f00727e05b21288.JPG'),
(45, 'https://pubcdn.ivymoda.com/files/product/thumab/1366/2019/11/06/8ca815d2c660484b37057e47cb86cdf4.jpg'),
(45, 'https://pubcdn.ivymoda.com/files/product/thumab/1366/2019/11/06/49cc5de8a6521be9b02d7c79cf16a710.jpg'),
(45, 'https://pubcdn.ivymoda.com/files/product/thumab/1366/2019/11/06/a503a34ff7c51e2e181fcb72ea9c67a8.jpg'),
(45, 'https://pubcdn.ivymoda.com/files/product/thumab/1366/2019/11/06/c974b9dee857f89811a99793f034bd90.jpg'),
(46, 'https://pubcdn.ivymoda.com/files/product/thumab/1366/2022/04/18/49f471e040d6f921efc3025bdd8276c1.JPG'),
(46, 'https://pubcdn.ivymoda.com/files/product/thumab/1366/2022/04/18/6049d30d109bd06710d781eb447d45b1.JPG'),
(46, 'https://pubcdn.ivymoda.com/files/product/thumab/1366/2022/04/18/b671c7526a0cdd5dce9a787f109b517d.JPG'),
(46, 'https://pubcdn.ivymoda.com/files/product/thumab/1366/2022/04/18/7befbb85533c23a857532fcbfadf9275.JPG'),
(47, 'https://pubcdn.ivymoda.com/files/product/thumab/1366/2021/12/31/d788d3a0c4e6b83273f069bb010f4021.JPG'),
(47, 'https://pubcdn.ivymoda.com/files/product/thumab/1366/2021/12/31/37a802d9d6206fc7f886eb1db69f48ac.JPG'),
(47, 'https://pubcdn.ivymoda.com/files/product/thumab/1366/2021/12/31/519e077ee9428911cff1f9502eb8223c.JPG'),
(47, 'https://pubcdn.ivymoda.com/files/product/thumab/1366/2021/12/31/e2dbfceae8f66526bb402ef639de9adc.JPG'),
(48, 'https://pubcdn.ivymoda.com/files/product/thumab/1366/2022/01/11/4e780d3747098397e39879bceb572303.JPG'),
(48, 'https://pubcdn.ivymoda.com/files/product/thumab/1366/2022/01/11/25d3dd3024a7a0471bbbdf9455280027.JPG'),
(48, 'https://pubcdn.ivymoda.com/files/product/thumab/1366/2022/01/11/0354a26ef9d9d2e2a60d7d5ff3f3d52d.JPG'),
(48, 'https://pubcdn.ivymoda.com/files/product/thumab/1366/2022/01/11/88518bb09e9f33cbca319b566fa7198f.JPG'),
(49, 'https://pubcdn.ivymoda.com/files/product/thumab/1366/2022/01/05/ee0bbd5b0236c5950fdf835be3fa8bdc.JPG'),
(49, 'https://pubcdn.ivymoda.com/files/product/thumab/1366/2022/01/05/e23be146d3154da7f2f9619da12388a4.JPG'),
(49, 'https://pubcdn.ivymoda.com/files/product/thumab/1366/2022/01/05/09fb6af9b709ce366bba42904f98ead6.JPG'),
(49, 'https://pubcdn.ivymoda.com/files/product/thumab/1366/2022/01/05/cd3df9670b2c288f38ea5354476f03b8.JPG'),
(50, 'https://pubcdn.ivymoda.com/files/product/thumab/1366/2022/01/05/52e86758fdfbf8b70d1b58d05671aef3.JPG'),
(50, 'https://pubcdn.ivymoda.com/files/product/thumab/1366/2022/01/05/b98bc43bffddd112780f17a568752c6e.JPG'),
(50, 'https://pubcdn.ivymoda.com/files/product/thumab/1366/2022/01/05/814518c8da95b32e3f47ab56d006f6aa.JPG'),
(50, 'https://pubcdn.ivymoda.com/files/product/thumab/1366/2022/01/05/0332b4b206819c0b57204514f76911f3.JPG'),
(51, 'https://pubcdn.ivymoda.com/files/product/thumab/1366/2022/01/05/7abde73427da5f9ef5949dd65ffee104.JPG'),
(51, 'https://pubcdn.ivymoda.com/files/product/thumab/1366/2022/01/05/4aaa391995c9f9ecba0862fed73677b1.JPG'),
(51, 'https://pubcdn.ivymoda.com/files/product/thumab/1366/2022/01/05/01365188c31c165ae1656c183bb7a65f.JPG'),
(51, 'https://pubcdn.ivymoda.com/files/product/thumab/1366/2022/01/05/70d863ea51d734315ba1c6e4384fed50.JPG'),
(52, 'https://pubcdn.ivymoda.com/files/product/thumab/1366/2023/03/20/719ee9b97db4b23044976c89738efa8d.jpg'),
(52, 'https://pubcdn.ivymoda.com/files/product/thumab/1366/2023/03/20/a91eba750bc5ad1da74236f39448930b.jpg'),
(52, 'https://pubcdn.ivymoda.com/files/product/thumab/1366/2023/03/21/bc65472fb684f6080edcfeb6f3032291.jpg'),
(52, 'https://pubcdn.ivymoda.com/files/product/thumab/1366/2023/03/21/73e7482ed25b1be2c49a2410d48835d8.jpg'),
(53, 'https://pubcdn.ivymoda.com/files/product/thumab/1366/2023/03/21/1ac00b418542022023a0af465c61fada.jpg'),
(53, 'https://pubcdn.ivymoda.com/files/product/thumab/1366/2023/03/21/fd059538dc90940418c4d0f6dde8c0e3.jpg'),
(53, 'https://pubcdn.ivymoda.com/files/product/thumab/1366/2023/03/20/549dc6147acb6a8e3973138ae2164a15.jpg'),
(53, 'https://pubcdn.ivymoda.com/files/product/thumab/1366/2023/03/21/c602e4ee181b9db7321d41c3e7f44602.jpg'),
(54, 'https://pubcdn.ivymoda.com/files/product/thumab/1366/2022/10/14/e876bf99a5a9d16878f1f1319e50a02a.jpeg'),
(54, 'https://pubcdn.ivymoda.com/files/product/thumab/1366/2022/10/14/e876bf99a5a9d16878f1f1319e50a02a.jpeg'),
(54, 'https://pubcdn.ivymoda.com/files/product/thumab/1366/2022/10/14/e876bf99a5a9d16878f1f1319e50a02a.jpeg'),
(54, 'https://pubcdn.ivymoda.com/files/product/thumab/1366/2022/10/14/e876bf99a5a9d16878f1f1319e50a02a.jpeg'),
(55, 'https://pubcdn.ivymoda.com/files/product/thumab/1366/2022/10/18/36d10a111f59c198ab65fe0f75cbe4f1.jpg'),
(55, 'https://pubcdn.ivymoda.com/files/product/thumab/1366/2022/10/18/36d10a111f59c198ab65fe0f75cbe4f1.jpg'),
(55, 'https://pubcdn.ivymoda.com/files/product/thumab/1366/2022/10/18/36d10a111f59c198ab65fe0f75cbe4f1.jpg'),
(55, 'https://pubcdn.ivymoda.com/files/product/thumab/1366/2022/10/18/36d10a111f59c198ab65fe0f75cbe4f1.jpg'),
(56, 'https://pubcdn.ivymoda.com/files/product/thumab/1366/2023/03/07/884ad88d4e3cbeb461d23ca17a854a80.jpg'),
(56, 'https://pubcdn.ivymoda.com/files/product/thumab/1366/2023/03/27/7d53db1f4f287ffeb1e1879a5449d5fc.JPG'),
(56, 'https://pubcdn.ivymoda.com/files/product/thumab/1366/2023/02/13/df2c00c458e53a5ced5c0b857692f73a.jpg'),
(56, 'https://pubcdn.ivymoda.com/files/product/thumab/1366/2023/02/13/f5834e8c8cbe79eab3ed95ba698672e2.jpg'),
(57, 'https://pubcdn.ivymoda.com/files/product/thumab/1366/2023/02/13/d34321eea15a7a07e48748e8973fb6dc.jpg'),
(57, 'https://pubcdn.ivymoda.com/files/product/thumab/1366/2023/02/13/ddf37ef9a3e9fe06ce51a2d924087baf.jpg'),
(57, 'https://pubcdn.ivymoda.com/files/product/thumab/1366/2023/02/13/ace4dfcebe9187a633b8e0bec0fa0c85.jpg'),
(57, 'https://pubcdn.ivymoda.com/files/product/thumab/1366/2023/02/13/0b54eee97785db941c9ef1895f0800f2.jpg'),
(58, 'https://pubcdn.ivymoda.com/files/product/thumab/1366/2023/03/27/9be8693c36bd084ea06907b7f565833f.jpg'),
(58, 'https://pubcdn.ivymoda.com/files/product/thumab/1366/2023/03/27/52ba83e91dc65b5ba44d2e49c9933c20.jpg'),
(58, 'https://pubcdn.ivymoda.com/files/product/thumab/1366/2023/03/27/1bbd8554ca7d25a656108f415ada6eb6.jpg'),
(58, 'https://pubcdn.ivymoda.com/files/product/thumab/1366/2023/03/27/215d131bbcaac829fc65dfb70714fee0.jpg'),
(59, 'https://pubcdn.ivymoda.com/files/product/thumab/1366/2023/03/27/ee7511ca18f4e83456967bf7ab45d5d3.jpg'),
(59, 'https://pubcdn.ivymoda.com/files/product/thumab/1366/2023/03/27/1856663b286f8e85bc40e2a16822a08c.jpg'),
(59, 'https://pubcdn.ivymoda.com/files/product/thumab/1366/2023/03/27/a0a646edbd9ea88be15eb80bdeff59df.jpg'),
(59, 'https://pubcdn.ivymoda.com/files/product/thumab/1366/2023/03/27/b2401bc427eaf745300443ba5b58025f.jpg'),
(60, 'https://pubcdn.ivymoda.com/files/product/thumab/1366/2023/03/27/16ce4278d4b4d147949b6b0c840c8269.jpg'),
(60, 'https://pubcdn.ivymoda.com/files/product/thumab/1366/2023/03/27/3c7183a13e34124c0f62be9e0b174aa8.jpg'),
(60, 'https://pubcdn.ivymoda.com/files/product/thumab/1366/2023/03/27/95149fc4c8f6b95a1bdd1fb40126b705.jpg'),
(60, 'https://pubcdn.ivymoda.com/files/product/thumab/1366/2023/03/27/6754d5f580ac6ac74ed00a4b01942c45.jpg'),
(61, 'https://pubcdn.ivymoda.com/files/product/thumab/1366/2020/12/28/a1f77fa3e07d7b3c01903ac7b34f42a6.JPG'),
(61, 'https://pubcdn.ivymoda.com/files/product/thumab/1366/2020/12/25/04df3303da271960dfe5631979c66b9e.JPG'),
(61, 'https://pubcdn.ivymoda.com/files/product/thumab/1366/2020/12/28/3a730859bd30b6682d2cae4c3cfce721.JPG'),
(61, 'https://pubcdn.ivymoda.com/files/product/thumab/1366/2020/12/28/56c33ed6d21acf4797aa873d91266f6b.JPG'),
(62, 'https://pubcdn.ivymoda.com/files/product/thumab/1366/2020/12/25/abb342ab7ec0babe65453b15da61f328.JPG'),
(62, 'https://pubcdn.ivymoda.com/files/product/thumab/1366/2020/12/28/5569f0e994c2e18040a61eb3d73a86e1.JPG'),
(62, 'https://pubcdn.ivymoda.com/files/product/thumab/1366/2020/12/28/0a625ccc3928451c8ae6b82df0891122.JPG'),
(62, 'https://pubcdn.ivymoda.com/files/product/thumab/1366/2020/12/28/c727252bf55d3239bd66a48f94900bdf.JPG'),
(63, 'https://pubcdn.ivymoda.com/files/product/thumab/1366/2021/11/12/950efe21c2b6212e9e7f36eab2849e43.JPG'),
(63, 'https://pubcdn.ivymoda.com/files/product/thumab/1366/2021/11/12/376da1de88cb3111d5c50f8219a78f8c.JPG'),
(63, 'https://pubcdn.ivymoda.com/files/product/thumab/1366/2021/11/12/5a82e78a49459240784350ac83a237dd.JPG'),
(63, 'https://pubcdn.ivymoda.com/files/product/thumab/1366/2021/11/12/1c3d5f584c3bbbf9e311a5171813c09a.JPG'),
(64, 'https://pubcdn.ivymoda.com/files/product/thumab/1366/2021/11/10/110d15efb293de239ae9a0e02f00d732.JPG'),
(64, 'https://pubcdn.ivymoda.com/files/product/thumab/1366/2021/11/10/43a69fc69a858f86ea08d9a462de6c70.JPG'),
(64, 'https://pubcdn.ivymoda.com/files/product/thumab/1366/2021/11/10/54411941ff2d94c951f935034331421b.JPG'),
(64, 'https://pubcdn.ivymoda.com/files/product/thumab/1366/2021/11/10/8c5972dae6c31e6a594f2810d797fb3a.JPG'),
(65, 'https://pubcdn.ivymoda.com/files/product/thumab/1366/2021/11/30/9ce4f55c430f4965d1e9570df4b20488.JPG'),
(65, 'https://pubcdn.ivymoda.com/files/product/thumab/1366/2021/11/30/4ec5da153999f642bfba9dab0b156b5b.JPG'),
(65, 'https://pubcdn.ivymoda.com/files/product/thumab/1366/2021/11/30/3265978f47d92c47b7e5a7c7df3afad4.JPG'),
(65, 'https://pubcdn.ivymoda.com/files/product/thumab/1366/2021/11/30/f039c956a457ce46dfd9e890ea7e1815.JPG'),
(66, 'https://pubcdn.ivymoda.com/files/product/thumab/1366/2022/12/30/9e3e76881ed8ba31e3121fa557570240.jpg'),
(66, 'https://pubcdn.ivymoda.com/files/product/thumab/1366/2022/12/30/ecb257a8044002a8fa836f25fcd16d81.jpg'),
(66, 'https://pubcdn.ivymoda.com/files/product/thumab/1366/2022/12/30/01bd039cbb8a2b3a6ce39926a3027416.jpg'),
(66, 'https://pubcdn.ivymoda.com/files/product/thumab/1366/2022/12/30/5555a16a57afe6147723de225275c2b8.jpg'),
(67, 'https://pubcdn.ivymoda.com/files/product/thumab/1366/2023/01/03/e0c692f33df478df5c72ca7224af8e33.jpg'),
(67, 'https://pubcdn.ivymoda.com/files/product/thumab/1366/2023/01/03/da7eace296fe27172c0af56925c1d06d.jpg'),
(67, 'https://pubcdn.ivymoda.com/files/product/thumab/1366/2023/01/03/cd638c751fcbdc813417f43b3e3dd321.jpg'),
(67, 'https://pubcdn.ivymoda.com/files/product/thumab/1366/2023/01/03/a4d361dac77ccbb7c8f30e6219502b93.jpg'),
(68, 'https://pubcdn.ivymoda.com/files/product/thumab/1366/2022/12/30/c54a9157f5abf2768a0ebff14035a460.jpg'),
(68, 'https://pubcdn.ivymoda.com/files/product/thumab/1366/2022/12/30/ee94bfc7413f519dde6f9fdb9ed94609.jpg'),
(68, 'https://pubcdn.ivymoda.com/files/product/thumab/1366/2022/12/30/5854d024e74c52ff05f354c3ae39287d.jpg'),
(68, 'https://pubcdn.ivymoda.com/files/product/thumab/1366/2022/12/30/2ce28d9e10469f7e0316b750e3eeca23.jpg'),
(69, 'https://pubcdn.ivymoda.com/files/product/thumab/1366/2022/12/13/4986ff0bbb9d804e951ebc143fd65b7a.jpg'),
(69, 'https://pubcdn.ivymoda.com/files/product/thumab/1366/2022/12/13/a508c5809de9b5a242100e597a9fca17.jpg'),
(69, 'https://pubcdn.ivymoda.com/files/product/thumab/1366/2022/12/13/7ea2a740a17aef19824883b4bfce85b2.jpg'),
(69, 'https://pubcdn.ivymoda.com/files/product/thumab/1366/2022/12/13/8e033863b3ebe3960c89e3900b0858d5.jpg'),
(70, 'https://pubcdn.ivymoda.com/files/product/thumab/1366/2022/12/13/106ed0d9e92b52f2ca97bfa6967fe3af.jpg'),
(70, 'https://pubcdn.ivymoda.com/files/product/thumab/1366/2022/12/13/1b330a546f1ca61fa097db30565417ed.jpg'),
(70, 'https://pubcdn.ivymoda.com/files/product/thumab/1366/2022/12/13/2a818cf8ec5f6d1104fb878df39ffb96.jpg'),
(70, 'https://pubcdn.ivymoda.com/files/product/thumab/1366/2022/12/13/e589bd789c0dce0269237b56752ff146.jpg'),
(71, 'https://pubcdn.ivymoda.com/files/product/thumab/1366/2022/12/13/0ea9b23c8854a5b1d1b0fe417ae0b328.jpg'),
(71, 'https://pubcdn.ivymoda.com/files/product/thumab/1366/2022/12/13/39fa3063d8d1594d9f5649c3cc930e41.jpg'),
(71, 'https://pubcdn.ivymoda.com/files/product/thumab/1366/2022/12/13/6719bff71a6fd80a25964ad07d61e4ba.jpg'),
(71, 'https://pubcdn.ivymoda.com/files/product/thumab/1366/2022/12/13/c65663934bca10adf35d7dd199a3c6e8.jpg'),
(72, 'https://pubcdn.ivymoda.com/files/product/thumab/1366/2023/04/12/15c26502f489a7e5b5ec9d532bcc38ab.jpg'),
(72, 'https://pubcdn.ivymoda.com/files/product/thumab/1366/2023/04/12/80385625a208e550dbb8e3e55bf01175.jpg'),
(72, 'https://pubcdn.ivymoda.com/files/product/thumab/1366/2023/04/12/516937fe1537f9ce1ee95f8a7aaab6c6.jpg'),
(72, 'https://pubcdn.ivymoda.com/files/product/thumab/1366/2023/04/12/a827b95f07fa2ec76daee9cea8a2fc4c.jpg'),
(73, 'https://pubcdn.ivymoda.com/files/product/thumab/1366/2023/04/12/38c03331d5079d593738e75ce0024c0d.jpg'),
(73, 'https://pubcdn.ivymoda.com/files/product/thumab/1366/2023/04/12/d5539394b39ed61f6ba4a14fd23cc936.jpg'),
(73, 'https://pubcdn.ivymoda.com/files/product/thumab/1366/2023/04/12/d99ef2804daeb1e1bfebada647ad2580.jpg'),
(73, 'https://pubcdn.ivymoda.com/files/product/thumab/1366/2023/04/12/cc75da1997fa22af482fe0ac8ca270d3.jpg'),
(74, 'https://pubcdn.ivymoda.com/files/product/thumab/1366/2023/03/21/121afd7151d0aca7d68621bdc5ed2279.jpg'),
(74, 'https://pubcdn.ivymoda.com/files/product/thumab/1366/2023/03/21/26f867926cf5966a49aa63096081f471.jpg'),
(74, 'https://pubcdn.ivymoda.com/files/product/thumab/1366/2023/03/21/f2c52741c128d3475718c5d446feccae.jpg'),
(74, 'https://pubcdn.ivymoda.com/files/product/thumab/1366/2023/03/21/79aeabf2a909c75cc0e442e9fa5e63dc.jpg'),
(75, 'https://pubcdn.ivymoda.com/files/product/thumab/1366/2023/04/12/0ac91252aff206cd4600c2c18e7f0f68.jpg'),
(75, 'https://pubcdn.ivymoda.com/files/product/thumab/1366/2023/04/12/07fbcf581ea5587268a2b26dc445d2d1.jpg'),
(75, 'https://pubcdn.ivymoda.com/files/product/thumab/1366/2023/04/12/2c8868074f7f35bc22fe394e870fdd3b.jpg'),
(75, 'https://pubcdn.ivymoda.com/files/product/thumab/1366/2023/04/12/f7466e1d82449163a2d113c9da5ba1bb.jpg'),
(76, 'https://pubcdn.ivymoda.com/files/product/thumab/1366/2023/04/12/956ae727ae063f8a28934e52667c37a8.jpg'),
(76, 'https://pubcdn.ivymoda.com/files/product/thumab/1366/2023/04/12/f968e610abd8f504b71288a8c49c31c2.jpg'),
(76, 'https://pubcdn.ivymoda.com/files/product/thumab/1366/2023/04/12/a04be3dfd57026d2272a1b8342969320.jpg'),
(76, 'https://pubcdn.ivymoda.com/files/product/thumab/1366/2023/04/12/edebca5c19bad2a31bfef61c4a2ef8ac.jpg'),
(77, 'https://pubcdn.ivymoda.com/files/product/thumab/1366/2023/04/12/d875427329764443f360cbaee5e456b1.jpg'),
(77, 'https://pubcdn.ivymoda.com/files/product/thumab/1366/2023/04/12/55ec7743df125bdd18250dd3cc08dfe2.jpg'),
(77, 'https://pubcdn.ivymoda.com/files/product/thumab/1366/2023/04/12/32f204ffa916897d29a2facc16c80386.jpg'),
(77, 'https://pubcdn.ivymoda.com/files/product/thumab/1366/2023/04/12/0b3c32d87d890646a147881039c9d15a.jpg'),
(78, 'https://pubcdn.ivymoda.com/files/product/thumab/1366/2022/04/18/76390ca5a89a0e29dcd21c994b4d2d6d.JPG'),
(78, 'https://pubcdn.ivymoda.com/files/product/thumab/1366/2022/04/18/736ebc1ce4223f708b4cc8c84e278546.JPG'),
(78, 'https://pubcdn.ivymoda.com/files/product/thumab/1366/2022/04/06/cabc4db3d9fcac2748b32f59ff1deee1.JPG'),
(78, 'https://pubcdn.ivymoda.com/files/product/thumab/1366/2022/04/06/35f203063c48678255484328b801dcb2.JPG'),
(79, 'https://pubcdn.ivymoda.com/files/product/thumab/1366/2022/04/06/a367b6c46be229877d6906d7ebe34a02.JPG'),
(79, 'https://pubcdn.ivymoda.com/files/product/thumab/1366/2022/04/06/2d971d56c476f1deda933144e6072b73.JPG'),
(79, 'https://pubcdn.ivymoda.com/files/product/thumab/1366/2022/04/06/b3a0ea90be3e913cee39438ab02dab26.JPG'),
(79, 'https://pubcdn.ivymoda.com/files/product/thumab/1366/2022/04/06/18d1e5fcb430e6704ed7c65c18c8b773.JPG'),
(80, 'https://pubcdn.ivymoda.com/files/product/thumab/1366/2022/04/06/d4bbe71a9fb9cf58b5fd9a577964a0e6.JPG'),
(80, 'https://pubcdn.ivymoda.com/files/product/thumab/1366/2022/04/06/42d86064c7f8f6c73edd44aed62244e6.JPG'),
(80, 'https://pubcdn.ivymoda.com/files/product/thumab/1366/2022/04/06/21265fbd380ef36cd135a486ed8a9ec4.JPG'),
(80, 'https://pubcdn.ivymoda.com/files/product/thumab/1366/2022/04/06/2e0bac6cbe9a8f0fc6903bdb7ed207b0.JPG'),
(81, 'https://pubcdn.ivymoda.com/files/product/thumab/1366/2021/07/26/b59fdd97644976993c2348e81acf9b4d.JPG'),
(81, 'https://pubcdn.ivymoda.com/files/product/thumab/1366/2021/07/26/fde5276c97a4217956c90488ef195475.JPG'),
(81, 'https://pubcdn.ivymoda.com/files/product/thumab/1366/2021/07/26/d4d398167b79163e3d6a3a06fcce12a9.JPG'),
(81, 'https://pubcdn.ivymoda.com/files/product/thumab/1366/2021/07/26/99d927de3157aef8cda3164c407f7386.JPG'),
(82, 'https://pubcdn.ivymoda.com/files/product/thumab/1366/2019/11/18/3472dcfe8f6f7162798a0c343dbe4a59.jpg'),
(82, 'https://pubcdn.ivymoda.com/files/product/thumab/1366/2019/11/18/932516f84b4ea52977b257c78df7cd13.jpg'),
(82, 'https://pubcdn.ivymoda.com/files/product/thumab/1366/2019/11/18/69284e3ffc7c376c3e8d968ef3a72c8f.jpg'),
(82, 'https://pubcdn.ivymoda.com/files/product/thumab/1366/2019/11/18/4da86d6d4c89364734dfb82a1284d480.jpg'),
(83, 'https://pubcdn.ivymoda.com/files/product/thumab/1366/2019/11/18/6043b1cca7c1221388ed6b662da77447.jpg'),
(83, 'https://pubcdn.ivymoda.com/files/product/thumab/1366/2019/11/18/f9ca016b2bbd4c39ae1f44488307c284.jpg'),
(83, 'https://pubcdn.ivymoda.com/files/product/thumab/1366/2019/11/18/9e6121cd726abfa7422bfa89d85eb0be.jpg'),
(83, 'https://pubcdn.ivymoda.com/files/product/thumab/1366/2019/11/18/0b9ce235dd32851c9915e0f012fd2741.jpg'),
(84, 'https://pubcdn.ivymoda.com/files/product/thumab/1366/2023/03/20/bc74de6da2bb3c0b0abdd6f20fdb43f8.jpg'),
(84, 'https://pubcdn.ivymoda.com/files/product/thumab/1366/2023/03/20/98330fdf13382f705dbf6f2cc57a116a.jpg'),
(84, 'https://pubcdn.ivymoda.com/files/product/thumab/1366/2023/03/20/070e09d4c5b7d27771861cb95b424e85.jpg'),
(84, 'https://pubcdn.ivymoda.com/files/product/thumab/1366/2023/03/20/ee584bd93ca1988e300610dfa5bcc663.jpg'),
(85, 'https://pubcdn.ivymoda.com/files/product/thumab/1366/2023/03/10/105f72e9d572f813b1b154659d968e33.jpg'),
(85, 'https://pubcdn.ivymoda.com/files/product/thumab/1366/2023/03/10/5988e955644f7859f0b7eb1ee26445d7.jpg'),
(85, 'https://pubcdn.ivymoda.com/files/product/thumab/1366/2023/03/10/4064793f6b84f7d47172a5eb7039cf0a.jpg'),
(85, 'https://pubcdn.ivymoda.com/files/product/thumab/1366/2023/03/10/5cda8626b5b38bda55628c60785b44bd.jpg'),
(86, 'https://pubcdn.ivymoda.com/files/product/thumab/1366/2023/04/10/d53854452ceca3da55cb4662dc3b4909.jpg'),
(86, 'https://pubcdn.ivymoda.com/files/product/thumab/1366/2023/04/10/84d1ed6a183ef6b9c0657dbd1f7bbf25.jpg'),
(86, 'https://pubcdn.ivymoda.com/files/product/thumab/1366/2023/03/31/08306a169e76f89da4fcb4adc244f143.JPG'),
(86, 'https://pubcdn.ivymoda.com/files/product/thumab/1366/2023/03/31/f273f404b486df1f5be602df94d56bac.JPG'),
(87, 'https://pubcdn.ivymoda.com/files/product/thumab/1366/2023/04/11/146915c3d84f42e0706911e7dfb9024a.jpg'),
(87, 'https://pubcdn.ivymoda.com/files/product/thumab/1366/2023/04/11/914f9bb444577738b49f49327741b16a.jpg'),
(87, 'https://pubcdn.ivymoda.com/files/product/thumab/1366/2023/04/11/ef1ac10d911d1e2627f996396ab9df1f.jpg'),
(88, 'https://pubcdn.ivymoda.com/files/product/thumab/1366/2022/05/20/78c6dfdae5a73bd589336f0da66daaf0.JPG'),
(88, 'https://pubcdn.ivymoda.com/files/product/thumab/1366/2022/05/20/eed7f972e9a4fc3e7a1d5cd56bf62f8c.JPG'),
(88, 'https://pubcdn.ivymoda.com/files/product/thumab/1366/2022/05/20/e00a34e12fc50421ead7f39adcef4251.JPG'),
(88, 'https://pubcdn.ivymoda.com/files/product/thumab/1366/2022/05/20/dd52c54e029934df66bdb9e824183dec.JPG'),
(89, ''),
(89, ''),
(89, ''),
(89, ''),




CREATE TABLE KichCo (
    idKC INT PRIMARY KEY,
    idSanPham INT FOREIGN KEY REFERENCES SanPham(idSanPham),
    size NVARCHAR(200),
    soLuong INT,
	CONSTRAINT FK_KichCo_SanPham FOREIGN KEY (idSanPham) REFERENCES SanPham(idSanPham)
);


CREATE TABLE DanhSachHoaDon (
    idDSHD INT PRIMARY KEY IDENTITY(1,1),
    idSanPham INT FOREIGN KEY REFERENCES SanPham(idSanPham),
    soDienThoaiKH NVARCHAR(200) FOREIGN KEY REFERENCES KhachHang(sdt),
    idNhanVien INT FOREIGN KEY REFERENCES NhanVien(idNhanVien),
    ngayBan NVARCHAR(200)
    
);


CREATE TABLE ChiTietHoaDon (
    idHoaDon INT PRIMARY KEY REFERENCES DanhSachHoaDon(idDSHD),
    idSanPham INT FOREIGN KEY REFERENCES SanPham(idSanPham),
    giaBan FLOAT,
    soLuong INT,
    
);


CREATE TABLE DatHang (
    idHoaDon INT PRIMARY KEY REFERENCES DanhSachHoaDon(idDSHD),
    diaChiNhanHang NVARCHAR(1000),
    soDienThoaiNhanHang NVARCHAR(200),
    hinhThucThanhToan NVARCHAR(200),
);


CREATE TABLE GioHang (
    idGH INT PRIMARY KEY IDENTITY(1,1),
    soDienThoaiKH NVARCHAR(200) FOREIGN KEY REFERENCES KhachHang(sdt),
    idSanPham INT FOREIGN KEY REFERENCES SanPham(idSanPham),
    soLuong int
);